[20, 0, 0, 0, 0, 0, 0, 0, 0, 0, 0, 0, 0, 0, 0, 0, 0, 0, 0, 0, 0, 0, 0, 0, 0, 0, 0, 0, 0, 0, 0, 0, 0, 0, 0, 0, 0, 0, 0, 0, 0, 0, 0, 0, 0, 0, 0, 0, 0, 0, 0]_[28, 119, 14, 11, 202, 1354, 386, 0, 0, 0, 0, 0, 0, 0, 0, 0, 0, 0, 0, 0, 0, 0, 0, 0, 0, 0, 0, 0, 0, 0, 0, 0, 0, 0, 0, 0, 0, 0, 0, 0, 0, 0, 0, 0, 0, 0, 0, 0, 0, 0, 0]_[28, 119, 14, 11, 202, 1354, 386, 112, 41, 211, 1647, 18, 2, 301, 54, 146, 3, 5, 28, 119, 14, 11, 202, 1354, 386, 20, 13, 98, 11, 5, 2078, 409, 93, 4, 0, 0, 0, 0, 0, 0, 0, 0, 0, 0, 0, 0, 0, 0, 0, 0, 0]_[6, 135, 3, 5, 22, 4519, 31, 4845, 11, 845, 7, 3570, 26, 1885, 4843, 12, 3570, 26, 1885, 4842, 34, 58, 4844, 2377, 9, 12, 2, 508, 7, 1306, 408, 2715, 13, 3570, 26, 1885, 4842, 19, 1228, 0, 0, 0, 0, 0, 0, 0, 0, 0, 0, 0, 0]_[20, 0, 0, 0, 0, 0, 0, 0, 0, 0, 0, 0, 0, 0, 0, 0, 0, 0, 0, 0, 0, 0, 0, 0, 0, 0, 0, 0, 0, 0, 0, 0, 0, 0, 0, 0, 0, 0, 0, 0, 0, 0, 0, 0, 0, 0, 0, 0, 0, 0, 0]_[28, 119, 14, 11, 202, 1354, 386, 0, 0, 0, 0, 0, 0, 0, 0, 0, 0, 0, 0, 0, 0, 0, 0, 0, 0, 0, 0, 0, 0, 0, 0, 0, 0, 0, 0, 0, 0, 0, 0, 0, 0, 0, 0, 0, 0, 0, 0, 0, 0, 0, 0]_[41, 77, 29, 716, 6, 38, 422, 18, 312, 67, 6, 164, 28, 119, 14, 11, 9, 55, 29, 759, 31, 28, 119, 14, 11, 5, 10, 8, 157, 0, 0, 0, 0, 0, 0, 0, 0, 0, 0, 0, 0, 0, 0, 0, 0, 0, 0, 0, 0, 0, 0]_[6, 135, 3, 5, 22, 4519, 31, 4845, 11, 845, 7, 3570, 26, 1885, 4843, 12, 3570, 26, 1885, 4842, 34, 58, 4844, 2377, 9, 12, 2, 508, 7, 1306, 408, 2715, 13, 3570, 26, 1885, 4842, 19, 1228, 0, 0, 0, 0, 0, 0, 0, 0, 0, 0, 0, 0]_[28, 119, 14, 11, 202, 1354, 386, 112, 2, 3603, 1141, 592, 70, 2, 3603, 1141, 468, 3, 2, 3603, 1141, 211, 170, 6, 33, 4963, 3, 5, 28, 119, 14, 11, 202, 1354, 386, 20, 3, 717, 12, 5, 22, 181, 46, 27, 593, 6, 57, 17, 98, 11, 4]_[28, 119, 14, 11, 202, 1354, 386, 112, 41, 211, 1647, 18, 2, 301, 54, 146, 3, 5, 28, 119, 14, 11, 202, 1354, 386, 20, 13, 98, 11, 5, 2078, 409, 93, 4]_[18, 8, 245, 10, 212, 3, 331, 3, 18, 677, 2404, 237, 470, 1357]_[20]
[20, 0, 0, 0, 0, 0, 0, 0, 0, 0, 0, 0, 0, 0, 0, 0, 0, 0, 0, 0, 0, 0, 0, 0, 0, 0, 0, 0, 0, 0, 0, 0, 0, 0, 0, 0, 0, 0, 0, 0, 0, 0, 0, 0, 0, 0, 0, 0, 0, 0, 0]_[28, 119, 14, 11, 202, 1354, 386, 0, 0, 0, 0, 0, 0, 0, 0, 0, 0, 0, 0, 0, 0, 0, 0, 0, 0, 0, 0, 0, 0, 0, 0, 0, 0, 0, 0, 0, 0, 0, 0, 0, 0, 0, 0, 0, 0, 0, 0, 0, 0, 0, 0]_[28, 119, 14, 11, 202, 1354, 386, 112, 41, 211, 1647, 18, 2, 301, 54, 146, 3, 5, 28, 119, 14, 11, 202, 1354, 386, 20, 13, 98, 11, 5, 2078, 409, 93, 4, 0, 0, 0, 0, 0, 0, 0, 0, 0, 0, 0, 0, 0, 0, 0, 0, 0]_[6, 135, 3, 5, 22, 4519, 31, 4845, 11, 845, 7, 3570, 26, 1885, 4843, 12, 3570, 26, 1885, 4842, 34, 58, 4844, 2377, 9, 12, 2, 508, 7, 1306, 408, 2715, 13, 3570, 26, 1885, 4842, 19, 1228, 0, 0, 0, 0, 0, 0, 0, 0, 0, 0, 0, 0]_[20, 0, 0, 0, 0, 0, 0, 0, 0, 0, 0, 0, 0, 0, 0, 0, 0, 0, 0, 0, 0, 0, 0, 0, 0, 0, 0, 0, 0, 0, 0, 0, 0, 0, 0, 0, 0, 0, 0, 0, 0, 0, 0, 0, 0, 0, 0, 0, 0, 0, 0]_[28, 119, 14, 11, 202, 1354, 386, 0, 0, 0, 0, 0, 0, 0, 0, 0, 0, 0, 0, 0, 0, 0, 0, 0, 0, 0, 0, 0, 0, 0, 0, 0, 0, 0, 0, 0, 0, 0, 0, 0, 0, 0, 0, 0, 0, 0, 0, 0, 0, 0, 0]_[28, 119, 14, 11, 202, 1354, 386, 112, 2, 3603, 1141, 592, 70, 2, 3603, 1141, 468, 3, 2, 3603, 1141, 211, 170, 6, 33, 4963, 3, 5, 28, 119, 14, 11, 202, 1354, 386, 20, 3, 717, 12, 5, 22, 181, 46, 27, 593, 6, 57, 17, 98, 11, 4]_[6, 135, 3, 5, 22, 4519, 31, 4845, 11, 845, 7, 3570, 26, 1885, 4843, 12, 3570, 26, 1885, 4842, 34, 58, 4844, 2377, 9, 12, 2, 508, 7, 1306, 408, 2715, 13, 3570, 26, 1885, 4842, 19, 1228, 0, 0, 0, 0, 0, 0, 0, 0, 0, 0, 0, 0]_[302]_[28, 119, 14, 11, 202, 1354, 386]_[4965]_[28, 119, 14, 11, 202, 1354, 386]
[20, 0, 0, 0, 0, 0, 0, 0, 0, 0, 0, 0, 0, 0, 0, 0, 0, 0, 0, 0, 0, 0, 0, 0, 0, 0, 0, 0, 0, 0, 0, 0, 0, 0, 0, 0, 0, 0, 0, 0, 0, 0, 0, 0, 0, 0, 0, 0, 0, 0, 0]_[28, 119, 14, 11, 202, 1354, 386, 0, 0, 0, 0, 0, 0, 0, 0, 0, 0, 0, 0, 0, 0, 0, 0, 0, 0, 0, 0, 0, 0, 0, 0, 0, 0, 0, 0, 0, 0, 0, 0, 0, 0, 0, 0, 0, 0, 0, 0, 0, 0, 0, 0]_[28, 119, 14, 11, 202, 1354, 386, 112, 41, 211, 1647, 18, 2, 301, 54, 146, 3, 5, 28, 119, 14, 11, 202, 1354, 386, 20, 13, 98, 11, 5, 2078, 409, 93, 4, 0, 0, 0, 0, 0, 0, 0, 0, 0, 0, 0, 0, 0, 0, 0, 0, 0]_[6, 135, 3, 5, 22, 4519, 31, 4845, 11, 845, 7, 3570, 26, 1885, 4843, 12, 3570, 26, 1885, 4842, 34, 58, 4844, 2377, 9, 12, 2, 508, 7, 1306, 408, 2715, 13, 3570, 26, 1885, 4842, 19, 1228, 0, 0, 0, 0, 0, 0, 0, 0, 0, 0, 0, 0]_[21, 164, 13, 176, 20, 0, 0, 0, 0, 0, 0, 0, 0, 0, 0, 0, 0, 0, 0, 0, 0, 0, 0, 0, 0, 0, 0, 0, 0, 0, 0, 0, 0, 0, 0, 0, 0, 0, 0, 0, 0, 0, 0, 0, 0, 0, 0, 0, 0, 0, 0]_[28, 119, 14, 11, 202, 1354, 386, 0, 0, 0, 0, 0, 0, 0, 0, 0, 0, 0, 0, 0, 0, 0, 0, 0, 0, 0, 0, 0, 0, 0, 0, 0, 0, 0, 0, 0, 0, 0, 0, 0, 0, 0, 0, 0, 0, 0, 0, 0, 0, 0, 0]_[8, 221, 42, 410, 2080, 7, 96, 36, 28, 119, 14, 11, 10, 472, 1141, 17, 227, 26, 178, 518, 1358, 1142, 51, 33, 8, 5, 3604, 3605, 0, 0, 0, 0, 0, 0, 0, 0, 0, 0, 0, 0, 0, 0, 0, 0, 0, 0, 0, 0, 0, 0, 0]_[6, 135, 3, 5, 22, 4519, 31, 4845, 11, 845, 7, 3570, 26, 1885, 4843, 12, 3570, 26, 1885, 4842, 34, 58, 4844, 2377, 9, 12, 2, 508, 7, 1306, 408, 2715, 13, 3570, 26, 1885, 4842, 19, 1228, 0, 0, 0, 0, 0, 0, 0, 0, 0, 0, 0, 0]_[6, 38, 164, 17, 2, 91, 83, 239]_[28, 119, 14, 11, 202, 1354, 386, 112, 41, 211, 1647, 18, 2, 301, 54, 146, 3, 5, 28, 119, 14, 11, 202, 1354, 386, 20, 13, 98, 11, 5, 2078, 409, 93, 4]_[28, 119, 14, 11, 202, 1354, 386]_[12, 28, 119, 14, 11, 202, 1354, 386, 467, 91, 83, 312, 67, 19, 1647, 18, 8, 2402, 10, 2, 245, 7, 301, 54, 104, 4962, 1510, 18, 8, 193, 164]
[20, 0, 0, 0, 0, 0, 0, 0, 0, 0, 0, 0, 0, 0, 0, 0, 0, 0, 0, 0, 0, 0, 0, 0, 0, 0, 0, 0, 0, 0, 0, 0, 0, 0, 0, 0, 0, 0, 0, 0, 0, 0, 0, 0, 0, 0, 0, 0, 0, 0, 0]_[28, 119, 14, 11, 202, 1354, 386, 0, 0, 0, 0, 0, 0, 0, 0, 0, 0, 0, 0, 0, 0, 0, 0, 0, 0, 0, 0, 0, 0, 0, 0, 0, 0, 0, 0, 0, 0, 0, 0, 0, 0, 0, 0, 0, 0, 0, 0, 0, 0, 0, 0]_[28, 119, 14, 11, 202, 1354, 386, 112, 41, 211, 1647, 18, 2, 301, 54, 146, 3, 5, 28, 119, 14, 11, 202, 1354, 386, 20, 13, 98, 11, 5, 2078, 409, 93, 4, 0, 0, 0, 0, 0, 0, 0, 0, 0, 0, 0, 0, 0, 0, 0, 0, 0]_[6, 135, 3, 5, 22, 4519, 31, 4845, 11, 845, 7, 3570, 26, 1885, 4843, 12, 3570, 26, 1885, 4842, 34, 58, 4844, 2377, 9, 12, 2, 508, 7, 1306, 408, 2715, 13, 3570, 26, 1885, 4842, 19, 1228, 0, 0, 0, 0, 0, 0, 0, 0, 0, 0, 0, 0]_[20, 0, 0, 0, 0, 0, 0, 0, 0, 0, 0, 0, 0, 0, 0, 0, 0, 0, 0, 0, 0, 0, 0, 0, 0, 0, 0, 0, 0, 0, 0, 0, 0, 0, 0, 0, 0, 0, 0, 0, 0, 0, 0, 0, 0, 0, 0, 0, 0, 0, 0]_[28, 119, 14, 11, 202, 1354, 386, 0, 0, 0, 0, 0, 0, 0, 0, 0, 0, 0, 0, 0, 0, 0, 0, 0, 0, 0, 0, 0, 0, 0, 0, 0, 0, 0, 0, 0, 0, 0, 0, 0, 0, 0, 0, 0, 0, 0, 0, 0, 0, 0, 0]_[312, 67, 1143, 1144, 66, 28, 119, 14, 11, 619, 19, 170, 6, 33, 0, 0, 0, 0, 0, 0, 0, 0, 0, 0, 0, 0, 0, 0, 0, 0, 0, 0, 0, 0, 0, 0, 0, 0, 0, 0, 0, 0, 0, 0, 0, 0, 0, 0, 0, 0, 0]_[6, 135, 3, 5, 22, 4519, 31, 4845, 11, 845, 7, 3570, 26, 1885, 4843, 12, 3570, 26, 1885, 4842, 34, 58, 4844, 2377, 9, 12, 2, 508, 7, 1306, 408, 2715, 13, 3570, 26, 1885, 4842, 19, 1228, 0, 0, 0, 0, 0, 0, 0, 0, 0, 0, 0, 0]_[312, 67, 1143, 1144, 66, 28, 119, 14, 11, 619, 19, 170, 6, 33]_[28, 119, 14, 11, 202, 1354, 386, 181, 46, 260, 593, 60]_[28, 119, 14, 11, 202, 1354, 386]_[41, 77, 29, 716, 6, 38, 422, 18, 312, 67, 6, 164, 28, 119, 14, 11, 9, 55, 29, 759, 31, 28, 119, 14, 11, 5, 10, 8, 157]
[20, 0, 0, 0, 0, 0, 0, 0, 0, 0, 0, 0, 0, 0, 0, 0, 0, 0, 0, 0, 0, 0, 0, 0, 0, 0, 0, 0, 0, 0, 0, 0, 0, 0, 0, 0, 0, 0, 0, 0, 0, 0, 0, 0, 0, 0, 0, 0, 0, 0, 0]_[28, 119, 14, 11, 202, 1354, 386, 0, 0, 0, 0, 0, 0, 0, 0, 0, 0, 0, 0, 0, 0, 0, 0, 0, 0, 0, 0, 0, 0, 0, 0, 0, 0, 0, 0, 0, 0, 0, 0, 0, 0, 0, 0, 0, 0, 0, 0, 0, 0, 0, 0]_[28, 119, 14, 11, 202, 1354, 386, 112, 41, 211, 1647, 18, 2, 301, 54, 146, 3, 5, 28, 119, 14, 11, 202, 1354, 386, 20, 13, 98, 11, 5, 2078, 409, 93, 4, 0, 0, 0, 0, 0, 0, 0, 0, 0, 0, 0, 0, 0, 0, 0, 0, 0]_[6, 135, 3, 5, 22, 4519, 31, 4845, 11, 845, 7, 3570, 26, 1885, 4843, 12, 3570, 26, 1885, 4842, 34, 58, 4844, 2377, 9, 12, 2, 508, 7, 1306, 408, 2715, 13, 3570, 26, 1885, 4842, 19, 1228, 0, 0, 0, 0, 0, 0, 0, 0, 0, 0, 0, 0]_[264, 0, 0, 0, 0, 0, 0, 0, 0, 0, 0, 0, 0, 0, 0, 0, 0, 0, 0, 0, 0, 0, 0, 0, 0, 0, 0, 0, 0, 0, 0, 0, 0, 0, 0, 0, 0, 0, 0, 0, 0, 0, 0, 0, 0, 0, 0, 0, 0, 0, 0]_[28, 119, 14, 11, 202, 1354, 386, 0, 0, 0, 0, 0, 0, 0, 0, 0, 0, 0, 0, 0, 0, 0, 0, 0, 0, 0, 0, 0, 0, 0, 0, 0, 0, 0, 0, 0, 0, 0, 0, 0, 0, 0, 0, 0, 0, 0, 0, 0, 0, 0, 0]_[28, 119, 14, 11, 202, 1354, 386, 181, 46, 260, 593, 60, 0, 0, 0, 0, 0, 0, 0, 0, 0, 0, 0, 0, 0, 0, 0, 0, 0, 0, 0, 0, 0, 0, 0, 0, 0, 0, 0, 0, 0, 0, 0, 0, 0, 0, 0, 0, 0, 0, 0]_[6, 135, 3, 5, 22, 4519, 31, 4845, 11, 845, 7, 3570, 26, 1885, 4843, 12, 3570, 26, 1885, 4842, 34, 58, 4844, 2377, 9, 12, 2, 508, 7, 1306, 408, 2715, 13, 3570, 26, 1885, 4842, 19, 1228, 0, 0, 0, 0, 0, 0, 0, 0, 0, 0, 0, 0]_[28, 119, 14, 11, 202, 1354, 386]_[28, 119, 14, 11, 202, 1354, 386, 181, 46, 260, 593, 60]_[28, 119, 14, 11, 202, 1354, 386, 112, 41, 211, 1647, 18, 2, 301, 54, 146, 3, 5, 28, 119, 14, 11, 202, 1354, 386, 20, 13, 98, 11, 5, 2078, 409, 93, 4]_[28, 119, 14, 11, 202, 1354, 386]
[20, 0, 0, 0, 0, 0, 0, 0, 0, 0, 0, 0, 0, 0, 0, 0, 0, 0, 0, 0, 0, 0, 0, 0, 0, 0, 0, 0, 0, 0, 0, 0, 0, 0, 0, 0, 0, 0, 0, 0, 0, 0, 0, 0, 0, 0, 0, 0, 0, 0, 0]_[28, 119, 14, 11, 202, 1354, 386, 0, 0, 0, 0, 0, 0, 0, 0, 0, 0, 0, 0, 0, 0, 0, 0, 0, 0, 0, 0, 0, 0, 0, 0, 0, 0, 0, 0, 0, 0, 0, 0, 0, 0, 0, 0, 0, 0, 0, 0, 0, 0, 0, 0]_[28, 119, 14, 11, 202, 1354, 386, 112, 41, 211, 1647, 18, 2, 301, 54, 146, 3, 5, 28, 119, 14, 11, 202, 1354, 386, 20, 13, 98, 11, 5, 2078, 409, 93, 4, 0, 0, 0, 0, 0, 0, 0, 0, 0, 0, 0, 0, 0, 0, 0, 0, 0]_[6, 135, 3, 5, 22, 4519, 31, 4845, 11, 845, 7, 3570, 26, 1885, 4843, 12, 3570, 26, 1885, 4842, 34, 58, 4844, 2377, 9, 12, 2, 508, 7, 1306, 408, 2715, 13, 3570, 26, 1885, 4842, 19, 1228, 0, 0, 0, 0, 0, 0, 0, 0, 0, 0, 0, 0]_[135, 0, 0, 0, 0, 0, 0, 0, 0, 0, 0, 0, 0, 0, 0, 0, 0, 0, 0, 0, 0, 0, 0, 0, 0, 0, 0, 0, 0, 0, 0, 0, 0, 0, 0, 0, 0, 0, 0, 0, 0, 0, 0, 0, 0, 0, 0, 0, 0, 0, 0]_[28, 119, 14, 11, 202, 1354, 386, 0, 0, 0, 0, 0, 0, 0, 0, 0, 0, 0, 0, 0, 0, 0, 0, 0, 0, 0, 0, 0, 0, 0, 0, 0, 0, 0, 0, 0, 0, 0, 0, 0, 0, 0, 0, 0, 0, 0, 0, 0, 0, 0, 0]_[28, 119, 14, 11, 202, 1354, 386, 11, 719, 3, 29, 719, 0, 0, 0, 0, 0, 0, 0, 0, 0, 0, 0, 0, 0, 0, 0, 0, 0, 0, 0, 0, 0, 0, 0, 0, 0, 0, 0, 0, 0, 0, 0, 0, 0, 0, 0, 0, 0, 0, 0]_[6, 135, 3, 5, 22, 4519, 31, 4845, 11, 845, 7, 3570, 26, 1885, 4843, 12, 3570, 26, 1885, 4842, 34, 58, 4844, 2377, 9, 12, 2, 508, 7, 1306, 408, 2715, 13, 3570, 26, 1885, 4842, 19, 1228, 0, 0, 0, 0, 0, 0, 0, 0, 0, 0, 0, 0]_[28, 119, 14, 11, 202, 1354, 386, 11, 719, 3, 29, 719]_[60, 103, 8, 996, 233, 13, 718, 1356]_[179, 15, 4840, 13, 106, 2571, 26, 7676, 380]_[28, 119, 14, 11, 202, 1354, 386]
[20, 0, 0, 0, 0, 0, 0, 0, 0, 0, 0, 0, 0, 0, 0, 0, 0, 0, 0, 0, 0, 0, 0, 0, 0, 0, 0, 0, 0, 0, 0, 0, 0, 0, 0, 0, 0, 0, 0, 0, 0, 0, 0, 0, 0, 0, 0, 0, 0, 0, 0]_[28, 119, 14, 11, 202, 1354, 386, 0, 0, 0, 0, 0, 0, 0, 0, 0, 0, 0, 0, 0, 0, 0, 0, 0, 0, 0, 0, 0, 0, 0, 0, 0, 0, 0, 0, 0, 0, 0, 0, 0, 0, 0, 0, 0, 0, 0, 0, 0, 0, 0, 0]_[28, 119, 14, 11, 202, 1354, 386, 112, 41, 211, 1647, 18, 2, 301, 54, 146, 3, 5, 28, 119, 14, 11, 202, 1354, 386, 20, 13, 98, 11, 5, 2078, 409, 93, 4, 0, 0, 0, 0, 0, 0, 0, 0, 0, 0, 0, 0, 0, 0, 0, 0, 0]_[6, 135, 3, 5, 22, 4519, 31, 4845, 11, 845, 7, 3570, 26, 1885, 4843, 12, 3570, 26, 1885, 4842, 34, 58, 4844, 2377, 9, 12, 2, 508, 7, 1306, 408, 2715, 13, 3570, 26, 1885, 4842, 19, 1228, 0, 0, 0, 0, 0, 0, 0, 0, 0, 0, 0, 0]_[761, 0, 0, 0, 0, 0, 0, 0, 0, 0, 0, 0, 0, 0, 0, 0, 0, 0, 0, 0, 0, 0, 0, 0, 0, 0, 0, 0, 0, 0, 0, 0, 0, 0, 0, 0, 0, 0, 0, 0, 0, 0, 0, 0, 0, 0, 0, 0, 0, 0, 0]_[301, 28, 119, 14, 11, 301, 54, 0, 0, 0, 0, 0, 0, 0, 0, 0, 0, 0, 0, 0, 0, 0, 0, 0, 0, 0, 0, 0, 0, 0, 0, 0, 0, 0, 0, 0, 0, 0, 0, 0, 0, 0, 0, 0, 0, 0, 0, 0, 0, 0, 0]_[60, 103, 8, 996, 233, 13, 718, 1356, 0, 0, 0, 0, 0, 0, 0, 0, 0, 0, 0, 0, 0, 0, 0, 0, 0, 0, 0, 0, 0, 0, 0, 0, 0, 0, 0, 0, 0, 0, 0, 0, 0, 0, 0, 0, 0, 0, 0, 0, 0, 0, 0]_[6, 135, 3, 5, 22, 4519, 31, 4845, 11, 845, 7, 3570, 26, 1885, 4843, 12, 3570, 26, 1885, 4842, 34, 58, 4844, 2377, 9, 12, 2, 508, 7, 1306, 408, 2715, 13, 3570, 26, 1885, 4842, 19, 1228, 0, 0, 0, 0, 0, 0, 0, 0, 0, 0, 0, 0]_[117]_[18, 8, 245, 10, 212, 3, 331, 3, 18, 677, 2404, 237, 470, 1357]_[60, 103, 8, 996, 233, 13, 718, 1356]_[20]
[20, 0, 0, 0, 0, 0, 0, 0, 0, 0, 0, 0, 0, 0, 0, 0, 0, 0, 0, 0, 0, 0, 0, 0, 0, 0, 0, 0, 0, 0, 0, 0, 0, 0, 0, 0, 0, 0, 0, 0, 0, 0, 0, 0, 0, 0, 0, 0, 0, 0, 0]_[28, 119, 14, 11, 202, 1354, 386, 0, 0, 0, 0, 0, 0, 0, 0, 0, 0, 0, 0, 0, 0, 0, 0, 0, 0, 0, 0, 0, 0, 0, 0, 0, 0, 0, 0, 0, 0, 0, 0, 0, 0, 0, 0, 0, 0, 0, 0, 0, 0, 0, 0]_[28, 119, 14, 11, 202, 1354, 386, 112, 41, 211, 1647, 18, 2, 301, 54, 146, 3, 5, 28, 119, 14, 11, 202, 1354, 386, 20, 13, 98, 11, 5, 2078, 409, 93, 4, 0, 0, 0, 0, 0, 0, 0, 0, 0, 0, 0, 0, 0, 0, 0, 0, 0]_[6, 135, 3, 5, 22, 4519, 31, 4845, 11, 845, 7, 3570, 26, 1885, 4843, 12, 3570, 26, 1885, 4842, 34, 58, 4844, 2377, 9, 12, 2, 508, 7, 1306, 408, 2715, 13, 3570, 26, 1885, 4842, 19, 1228, 0, 0, 0, 0, 0, 0, 0, 0, 0, 0, 0, 0]_[4965, 0, 0, 0, 0, 0, 0, 0, 0, 0, 0, 0, 0, 0, 0, 0, 0, 0, 0, 0, 0, 0, 0, 0, 0, 0, 0, 0, 0, 0, 0, 0, 0, 0, 0, 0, 0, 0, 0, 0, 0, 0, 0, 0, 0, 0, 0, 0, 0, 0, 0]_[28, 119, 14, 11, 0, 0, 0, 0, 0, 0, 0, 0, 0, 0, 0, 0, 0, 0, 0, 0, 0, 0, 0, 0, 0, 0, 0, 0, 0, 0, 0, 0, 0, 0, 0, 0, 0, 0, 0, 0, 0, 0, 0, 0, 0, 0, 0, 0, 0, 0, 0]_[6, 135, 3, 5, 22, 4519, 31, 4845, 11, 845, 7, 3570, 26, 1885, 4843, 12, 3570, 26, 1885, 4842, 34, 58, 4844, 2377, 9, 12, 2, 508, 7, 1306, 408, 2715, 13, 3570, 26, 1885, 4842, 19, 1228, 0, 0, 0, 0, 0, 0, 0, 0, 0, 0, 0, 0]_[6, 38, 164, 17, 2, 91, 83, 239, 0, 0, 0, 0, 0, 0, 0, 0, 0, 0, 0, 0, 0, 0, 0, 0, 0, 0, 0, 0, 0, 0, 0, 0, 0, 0, 0, 0, 0, 0, 0, 0, 0, 0, 0, 0, 0, 0, 0, 0, 0, 0, 0]_[4964]_[4964]_[28, 119, 14, 11, 202, 1354, 386]_[12, 28, 119, 14, 11, 202, 1354, 386, 467, 91, 83, 312, 67, 19, 1647, 18, 8, 2402, 10, 2, 245, 7, 301, 54, 104, 4962, 1510, 18, 8, 193, 164]
[257, 0, 0, 0, 0, 0, 0, 0, 0, 0, 0, 0, 0, 0, 0, 0, 0, 0, 0, 0, 0, 0, 0, 0, 0, 0, 0, 0, 0, 0, 0, 0, 0, 0, 0, 0, 0, 0, 0, 0, 0, 0, 0, 0, 0, 0, 0, 0, 0, 0, 0]_[45, 3, 16, 3, 0, 0, 0, 0, 0, 0, 0, 0, 0, 0, 0, 0, 0, 0, 0, 0, 0, 0, 0, 0, 0, 0, 0, 0, 0, 0, 0, 0, 0, 0, 0, 0, 0, 0, 0, 0, 0, 0, 0, 0, 0, 0, 0, 0, 0, 0, 0]_[21, 109, 43, 109, 43, 1324, 5, 1044, 2, 111, 2, 111, 30, 8, 2529, 653, 10, 2378, 494, 6, 4586, 18, 2, 2, 798, 1278, 62, 0, 0, 0, 0, 0, 0, 0, 0, 0, 0, 0, 0, 0, 0, 0, 0, 0, 0, 0, 0, 0, 0, 0, 0]_[6, 135, 3, 5, 22, 4519, 31, 4845, 11, 845, 7, 3570, 26, 1885, 4843, 12, 3570, 26, 1885, 4842, 34, 58, 4844, 2377, 9, 12, 2, 508, 7, 1306, 408, 2715, 13, 3570, 26, 1885, 4842, 19, 1228, 0, 0, 0, 0, 0, 0, 0, 0, 0, 0, 0, 0]_[2417, 0, 0, 0, 0, 0, 0, 0, 0, 0, 0, 0, 0, 0, 0, 0, 0, 0, 0, 0, 0, 0, 0, 0, 0, 0, 0, 0, 0, 0, 0, 0, 0, 0, 0, 0, 0, 0, 0, 0, 0, 0, 0, 0, 0, 0, 0, 0, 0, 0, 0]_[45, 3, 16, 3, 0, 0, 0, 0, 0, 0, 0, 0, 0, 0, 0, 0, 0, 0, 0, 0, 0, 0, 0, 0, 0, 0, 0, 0, 0, 0, 0, 0, 0, 0, 0, 0, 0, 0, 0, 0, 0, 0, 0, 0, 0, 0, 0, 0, 0, 0, 0]_[24, 8, 87, 13, 2, 1185, 40, 43, 7, 488, 18, 2, 508, 7, 1306, 408, 0, 0, 0, 0, 0, 0, 0, 0, 0, 0, 0, 0, 0, 0, 0, 0, 0, 0, 0, 0, 0, 0, 0, 0, 0, 0, 0, 0, 0, 0, 0, 0, 0, 0, 0]_[6, 135, 3, 5, 22, 4519, 31, 4845, 11, 845, 7, 3570, 26, 1885, 4843, 12, 3570, 26, 1885, 4842, 34, 58, 4844, 2377, 9, 12, 2, 508, 7, 1306, 408, 2715, 13, 3570, 26, 1885, 4842, 19, 1228, 0, 0, 0, 0, 0, 0, 0, 0, 0, 0, 0, 0]_[302]_[135]_[2417]_[28, 119, 14, 11, 202, 1354, 386]
[257, 0, 0, 0, 0, 0, 0, 0, 0, 0, 0, 0, 0, 0, 0, 0, 0, 0, 0, 0, 0, 0, 0, 0, 0, 0, 0, 0, 0, 0, 0, 0, 0, 0, 0, 0, 0, 0, 0, 0, 0, 0, 0, 0, 0, 0, 0, 0, 0, 0, 0]_[45, 3, 16, 3, 0, 0, 0, 0, 0, 0, 0, 0, 0, 0, 0, 0, 0, 0, 0, 0, 0, 0, 0, 0, 0, 0, 0, 0, 0, 0, 0, 0, 0, 0, 0, 0, 0, 0, 0, 0, 0, 0, 0, 0, 0, 0, 0, 0, 0, 0, 0]_[21, 109, 43, 109, 43, 1324, 5, 1044, 2, 111, 2, 111, 30, 8, 2529, 653, 10, 2378, 494, 6, 4586, 18, 2, 2, 798, 1278, 62, 0, 0, 0, 0, 0, 0, 0, 0, 0, 0, 0, 0, 0, 0, 0, 0, 0, 0, 0, 0, 0, 0, 0, 0]_[6, 135, 3, 5, 22, 4519, 31, 4845, 11, 845, 7, 3570, 26, 1885, 4843, 12, 3570, 26, 1885, 4842, 34, 58, 4844, 2377, 9, 12, 2, 508, 7, 1306, 408, 2715, 13, 3570, 26, 1885, 4842, 19, 1228, 0, 0, 0, 0, 0, 0, 0, 0, 0, 0, 0, 0]_[135, 0, 0, 0, 0, 0, 0, 0, 0, 0, 0, 0, 0, 0, 0, 0, 0, 0, 0, 0, 0, 0, 0, 0, 0, 0, 0, 0, 0, 0, 0, 0, 0, 0, 0, 0, 0, 0, 0, 0, 0, 0, 0, 0, 0, 0, 0, 0, 0, 0, 0]_[45, 3, 16, 3, 0, 0, 0, 0, 0, 0, 0, 0, 0, 0, 0, 0, 0, 0, 0, 0, 0, 0, 0, 0, 0, 0, 0, 0, 0, 0, 0, 0, 0, 0, 0, 0, 0, 0, 0, 0, 0, 0, 0, 0, 0, 0, 0, 0, 0, 0, 0]_[12, 70, 45, 3, 16, 3, 703, 8, 87, 13, 109, 43, 3, 45, 3, 16, 3, 51, 3888, 109, 43, 1324, 17, 901, 6, 801, 0, 0, 0, 0, 0, 0, 0, 0, 0, 0, 0, 0, 0, 0, 0, 0, 0, 0, 0, 0, 0, 0, 0, 0, 0]_[6, 135, 3, 5, 22, 4519, 31, 4845, 11, 845, 7, 3570, 26, 1885, 4843, 12, 3570, 26, 1885, 4842, 34, 58, 4844, 2377, 9, 12, 2, 508, 7, 1306, 408, 2715, 13, 3570, 26, 1885, 4842, 19, 1228, 0, 0, 0, 0, 0, 0, 0, 0, 0, 0, 0, 0]_[117]_[8, 221, 42, 410, 2080, 7, 96, 36, 28, 119, 14, 11, 10, 472, 1141, 17, 227, 26, 178, 518, 1358, 1142, 51, 33, 8, 5, 3604, 3605]_[8, 221, 42, 410, 2080, 7, 96, 36, 28, 119, 14, 11, 10, 472, 1141, 17, 227, 26, 178, 518, 1358, 1142, 51, 33, 8, 5, 3604, 3605]_[41, 77, 29, 716, 6, 38, 422, 18, 312, 67, 6, 164, 28, 119, 14, 11, 9, 55, 29, 759, 31, 28, 119, 14, 11, 5, 10, 8, 157]
[257, 0, 0, 0, 0, 0, 0, 0, 0, 0, 0, 0, 0, 0, 0, 0, 0, 0, 0, 0, 0, 0, 0, 0, 0, 0, 0, 0, 0, 0, 0, 0, 0, 0, 0, 0, 0, 0, 0, 0, 0, 0, 0, 0, 0, 0, 0, 0, 0, 0, 0]_[45, 3, 16, 3, 0, 0, 0, 0, 0, 0, 0, 0, 0, 0, 0, 0, 0, 0, 0, 0, 0, 0, 0, 0, 0, 0, 0, 0, 0, 0, 0, 0, 0, 0, 0, 0, 0, 0, 0, 0, 0, 0, 0, 0, 0, 0, 0, 0, 0, 0, 0]_[21, 109, 43, 109, 43, 1324, 5, 1044, 2, 111, 2, 111, 30, 8, 2529, 653, 10, 2378, 494, 6, 4586, 18, 2, 2, 798, 1278, 62, 0, 0, 0, 0, 0, 0, 0, 0, 0, 0, 0, 0, 0, 0, 0, 0, 0, 0, 0, 0, 0, 0, 0, 0]_[6, 135, 3, 5, 22, 4519, 31, 4845, 11, 845, 7, 3570, 26, 1885, 4843, 12, 3570, 26, 1885, 4842, 34, 58, 4844, 2377, 9, 12, 2, 508, 7, 1306, 408, 2715, 13, 3570, 26, 1885, 4842, 19, 1228, 0, 0, 0, 0, 0, 0, 0, 0, 0, 0, 0, 0]_[257, 0, 0, 0, 0, 0, 0, 0, 0, 0, 0, 0, 0, 0, 0, 0, 0, 0, 0, 0, 0, 0, 0, 0, 0, 0, 0, 0, 0, 0, 0, 0, 0, 0, 0, 0, 0, 0, 0, 0, 0, 0, 0, 0, 0, 0, 0, 0, 0, 0, 0]_[45, 3, 16, 3, 0, 0, 0, 0, 0, 0, 0, 0, 0, 0, 0, 0, 0, 0, 0, 0, 0, 0, 0, 0, 0, 0, 0, 0, 0, 0, 0, 0, 0, 0, 0, 0, 0, 0, 0, 0, 0, 0, 0, 0, 0, 0, 0, 0, 0, 0, 0]_[109, 43, 30, 462, 12, 5, 2, 111, 30, 3448, 546, 10, 3449, 3450, 655, 3, 1029, 2, 774, 546, 7, 8, 1505, 3, 9, 3451, 31, 2378, 385, 0, 0, 0, 0, 0, 0, 0, 0, 0, 0, 0, 0, 0, 0, 0, 0, 0, 0, 0, 0, 0, 0]_[6, 135, 3, 5, 22, 4519, 31, 4845, 11, 845, 7, 3570, 26, 1885, 4843, 12, 3570, 26, 1885, 4842, 34, 58, 4844, 2377, 9, 12, 2, 508, 7, 1306, 408, 2715, 13, 3570, 26, 1885, 4842, 19, 1228, 0, 0, 0, 0, 0, 0, 0, 0, 0, 0, 0, 0]_[28, 119, 14, 11, 202, 1354, 386]_[]_[4964]_[28, 119, 14, 11, 202, 1354, 386, 112, 41, 211, 1647, 18, 2, 301, 54, 146, 3, 5, 28, 119, 14, 11, 202, 1354, 386, 20, 13, 98, 11, 5, 2078, 409, 93, 4]
[257, 0, 0, 0, 0, 0, 0, 0, 0, 0, 0, 0, 0, 0, 0, 0, 0, 0, 0, 0, 0, 0, 0, 0, 0, 0, 0, 0, 0, 0, 0, 0, 0, 0, 0, 0, 0, 0, 0, 0, 0, 0, 0, 0, 0, 0, 0, 0, 0, 0, 0]_[45, 3, 16, 3, 0, 0, 0, 0, 0, 0, 0, 0, 0, 0, 0, 0, 0, 0, 0, 0, 0, 0, 0, 0, 0, 0, 0, 0, 0, 0, 0, 0, 0, 0, 0, 0, 0, 0, 0, 0, 0, 0, 0, 0, 0, 0, 0, 0, 0, 0, 0]_[21, 109, 43, 109, 43, 1324, 5, 1044, 2, 111, 2, 111, 30, 8, 2529, 653, 10, 2378, 494, 6, 4586, 18, 2, 2, 798, 1278, 62, 0, 0, 0, 0, 0, 0, 0, 0, 0, 0, 0, 0, 0, 0, 0, 0, 0, 0, 0, 0, 0, 0, 0, 0]_[6, 135, 3, 5, 22, 4519, 31, 4845, 11, 845, 7, 3570, 26, 1885, 4843, 12, 3570, 26, 1885, 4842, 34, 58, 4844, 2377, 9, 12, 2, 508, 7, 1306, 408, 2715, 13, 3570, 26, 1885, 4842, 19, 1228, 0, 0, 0, 0, 0, 0, 0, 0, 0, 0, 0, 0]_[257, 0, 0, 0, 0, 0, 0, 0, 0, 0, 0, 0, 0, 0, 0, 0, 0, 0, 0, 0, 0, 0, 0, 0, 0, 0, 0, 0, 0, 0, 0, 0, 0, 0, 0, 0, 0, 0, 0, 0, 0, 0, 0, 0, 0, 0, 0, 0, 0, 0, 0]_[45, 3, 16, 3, 0, 0, 0, 0, 0, 0, 0, 0, 0, 0, 0, 0, 0, 0, 0, 0, 0, 0, 0, 0, 0, 0, 0, 0, 0, 0, 0, 0, 0, 0, 0, 0, 0, 0, 0, 0, 0, 0, 0, 0, 0, 0, 0, 0, 0, 0, 0]_[12, 109, 43, 30, 5, 462, 12, 2, 111, 116, 873, 160, 546, 118, 247, 24, 2, 111, 181, 29, 1841, 38, 7680, 825, 13, 8, 878, 700, 38, 385, 0, 0, 0, 0, 0, 0, 0, 0, 0, 0, 0, 0, 0, 0, 0, 0, 0, 0, 0, 0, 0]_[6, 135, 3, 5, 22, 4519, 31, 4845, 11, 845, 7, 3570, 26, 1885, 4843, 12, 3570, 26, 1885, 4842, 34, 58, 4844, 2377, 9, 12, 2, 508, 7, 1306, 408, 2715, 13, 3570, 26, 1885, 4842, 19, 1228, 0, 0, 0, 0, 0, 0, 0, 0, 0, 0, 0, 0]_[28, 119, 14, 11, 202, 1354, 386, 11, 719, 3, 29, 719]_[28, 119, 14, 11, 202, 1354, 386, 181, 46, 260, 593, 60]_[28, 119, 14, 11, 202, 1354, 386]_[28, 119, 14, 11, 202, 1354, 386]
[257, 0, 0, 0, 0, 0, 0, 0, 0, 0, 0, 0, 0, 0, 0, 0, 0, 0, 0, 0, 0, 0, 0, 0, 0, 0, 0, 0, 0, 0, 0, 0, 0, 0, 0, 0, 0, 0, 0, 0, 0, 0, 0, 0, 0, 0, 0, 0, 0, 0, 0]_[45, 3, 16, 3, 0, 0, 0, 0, 0, 0, 0, 0, 0, 0, 0, 0, 0, 0, 0, 0, 0, 0, 0, 0, 0, 0, 0, 0, 0, 0, 0, 0, 0, 0, 0, 0, 0, 0, 0, 0, 0, 0, 0, 0, 0, 0, 0, 0, 0, 0, 0]_[21, 109, 43, 109, 43, 1324, 5, 1044, 2, 111, 2, 111, 30, 8, 2529, 653, 10, 2378, 494, 6, 4586, 18, 2, 2, 798, 1278, 62, 0, 0, 0, 0, 0, 0, 0, 0, 0, 0, 0, 0, 0, 0, 0, 0, 0, 0, 0, 0, 0, 0, 0, 0]_[6, 135, 3, 5, 22, 4519, 31, 4845, 11, 845, 7, 3570, 26, 1885, 4843, 12, 3570, 26, 1885, 4842, 34, 58, 4844, 2377, 9, 12, 2, 508, 7, 1306, 408, 2715, 13, 3570, 26, 1885, 4842, 19, 1228, 0, 0, 0, 0, 0, 0, 0, 0, 0, 0, 0, 0]_[20, 0, 0, 0, 0, 0, 0, 0, 0, 0, 0, 0, 0, 0, 0, 0, 0, 0, 0, 0, 0, 0, 0, 0, 0, 0, 0, 0, 0, 0, 0, 0, 0, 0, 0, 0, 0, 0, 0, 0, 0, 0, 0, 0, 0, 0, 0, 0, 0, 0, 0]_[45, 3, 16, 3, 0, 0, 0, 0, 0, 0, 0, 0, 0, 0, 0, 0, 0, 0, 0, 0, 0, 0, 0, 0, 0, 0, 0, 0, 0, 0, 0, 0, 0, 0, 0, 0, 0, 0, 0, 0, 0, 0, 0, 0, 0, 0, 0, 0, 0, 0, 0]_[2, 310, 615, 23, 5, 790, 13, 8, 707, 2507, 24, 4421, 24, 2, 310, 615, 19, 945, 61, 8, 82, 295, 18, 2215, 698, 1198, 10, 40, 111, 793, 6, 1977, 2020, 385, 13, 1165, 0, 0, 0, 0, 0, 0, 0, 0, 0, 0, 0, 0, 0, 0, 0]_[6, 135, 3, 5, 22, 4519, 31, 4845, 11, 845, 7, 3570, 26, 1885, 4843, 12, 3570, 26, 1885, 4842, 34, 58, 4844, 2377, 9, 12, 2, 508, 7, 1306, 408, 2715, 13, 3570, 26, 1885, 4842, 19, 1228, 0, 0, 0, 0, 0, 0, 0, 0, 0, 0, 0, 0]_[21, 164, 13, 176, 20]_[135]_[18, 8, 245, 10, 212, 3, 331, 3, 18, 677, 2404, 237, 470, 1357]_[41, 77, 29, 716, 6, 38, 422, 18, 312, 67, 6, 164, 28, 119, 14, 11, 9, 55, 29, 759, 31, 28, 119, 14, 11, 5, 10, 8, 157]
[257, 0, 0, 0, 0, 0, 0, 0, 0, 0, 0, 0, 0, 0, 0, 0, 0, 0, 0, 0, 0, 0, 0, 0, 0, 0, 0, 0, 0, 0, 0, 0, 0, 0, 0, 0, 0, 0, 0, 0, 0, 0, 0, 0, 0, 0, 0, 0, 0, 0, 0]_[45, 3, 16, 3, 0, 0, 0, 0, 0, 0, 0, 0, 0, 0, 0, 0, 0, 0, 0, 0, 0, 0, 0, 0, 0, 0, 0, 0, 0, 0, 0, 0, 0, 0, 0, 0, 0, 0, 0, 0, 0, 0, 0, 0, 0, 0, 0, 0, 0, 0, 0]_[21, 109, 43, 109, 43, 1324, 5, 1044, 2, 111, 2, 111, 30, 8, 2529, 653, 10, 2378, 494, 6, 4586, 18, 2, 2, 798, 1278, 62, 0, 0, 0, 0, 0, 0, 0, 0, 0, 0, 0, 0, 0, 0, 0, 0, 0, 0, 0, 0, 0, 0, 0, 0]_[6, 135, 3, 5, 22, 4519, 31, 4845, 11, 845, 7, 3570, 26, 1885, 4843, 12, 3570, 26, 1885, 4842, 34, 58, 4844, 2377, 9, 12, 2, 508, 7, 1306, 408, 2715, 13, 3570, 26, 1885, 4842, 19, 1228, 0, 0, 0, 0, 0, 0, 0, 0, 0, 0, 0, 0]_[264, 0, 0, 0, 0, 0, 0, 0, 0, 0, 0, 0, 0, 0, 0, 0, 0, 0, 0, 0, 0, 0, 0, 0, 0, 0, 0, 0, 0, 0, 0, 0, 0, 0, 0, 0, 0, 0, 0, 0, 0, 0, 0, 0, 0, 0, 0, 0, 0, 0, 0]_[45, 3, 16, 3, 0, 0, 0, 0, 0, 0, 0, 0, 0, 0, 0, 0, 0, 0, 0, 0, 0, 0, 0, 0, 0, 0, 0, 0, 0, 0, 0, 0, 0, 0, 0, 0, 0, 0, 0, 0, 0, 0, 0, 0, 0, 0, 0, 0, 0, 0, 0]_[12, 5, 78, 621, 6, 44, 146, 3047, 801, 465, 988, 9, 1884, 7681, 465, 2381, 24, 3514, 49, 319, 922, 0, 0, 0, 0, 0, 0, 0, 0, 0, 0, 0, 0, 0, 0, 0, 0, 0, 0, 0, 0, 0, 0, 0, 0, 0, 0, 0, 0, 0, 0]_[6, 135, 3, 5, 22, 4519, 31, 4845, 11, 845, 7, 3570, 26, 1885, 4843, 12, 3570, 26, 1885, 4842, 34, 58, 4844, 2377, 9, 12, 2, 508, 7, 1306, 408, 2715, 13, 3570, 26, 1885, 4842, 19, 1228, 0, 0, 0, 0, 0, 0, 0, 0, 0, 0, 0, 0]_[6, 38, 164, 17, 2, 91, 83, 239]_[]_[6, 38, 164, 17, 2, 91, 83, 239]_[28, 119, 14, 11, 202, 1354, 386]
[257, 0, 0, 0, 0, 0, 0, 0, 0, 0, 0, 0, 0, 0, 0, 0, 0, 0, 0, 0, 0, 0, 0, 0, 0, 0, 0, 0, 0, 0, 0, 0, 0, 0, 0, 0, 0, 0, 0, 0, 0, 0, 0, 0, 0, 0, 0, 0, 0, 0, 0]_[45, 3, 16, 3, 0, 0, 0, 0, 0, 0, 0, 0, 0, 0, 0, 0, 0, 0, 0, 0, 0, 0, 0, 0, 0, 0, 0, 0, 0, 0, 0, 0, 0, 0, 0, 0, 0, 0, 0, 0, 0, 0, 0, 0, 0, 0, 0, 0, 0, 0, 0]_[21, 109, 43, 109, 43, 1324, 5, 1044, 2, 111, 2, 111, 30, 8, 2529, 653, 10, 2378, 494, 6, 4586, 18, 2, 2, 798, 1278, 62, 0, 0, 0, 0, 0, 0, 0, 0, 0, 0, 0, 0, 0, 0, 0, 0, 0, 0, 0, 0, 0, 0, 0, 0]_[6, 135, 3, 5, 22, 4519, 31, 4845, 11, 845, 7, 3570, 26, 1885, 4843, 12, 3570, 26, 1885, 4842, 34, 58, 4844, 2377, 9, 12, 2, 508, 7, 1306, 408, 2715, 13, 3570, 26, 1885, 4842, 19, 1228, 0, 0, 0, 0, 0, 0, 0, 0, 0, 0, 0, 0]_[445, 0, 0, 0, 0, 0, 0, 0, 0, 0, 0, 0, 0, 0, 0, 0, 0, 0, 0, 0, 0, 0, 0, 0, 0, 0, 0, 0, 0, 0, 0, 0, 0, 0, 0, 0, 0, 0, 0, 0, 0, 0, 0, 0, 0, 0, 0, 0, 0, 0, 0]_[45, 3, 16, 3, 0, 0, 0, 0, 0, 0, 0, 0, 0, 0, 0, 0, 0, 0, 0, 0, 0, 0, 0, 0, 0, 0, 0, 0, 0, 0, 0, 0, 0, 0, 0, 0, 0, 0, 0, 0, 0, 0, 0, 0, 0, 0, 0, 0, 0, 0, 0]_[4672, 18, 2, 798, 3896, 0, 0, 0, 0, 0, 0, 0, 0, 0, 0, 0, 0, 0, 0, 0, 0, 0, 0, 0, 0, 0, 0, 0, 0, 0, 0, 0, 0, 0, 0, 0, 0, 0, 0, 0, 0, 0, 0, 0, 0, 0, 0, 0, 0, 0, 0]_[6, 135, 3, 5, 22, 4519, 31, 4845, 11, 845, 7, 3570, 26, 1885, 4843, 12, 3570, 26, 1885, 4842, 34, 58, 4844, 2377, 9, 12, 2, 508, 7, 1306, 408, 2715, 13, 3570, 26, 1885, 4842, 19, 1228, 0, 0, 0, 0, 0, 0, 0, 0, 0, 0, 0, 0]_[761]_[117]_[28, 119, 14, 11]_[20]
[257, 0, 0, 0, 0, 0, 0, 0, 0, 0, 0, 0, 0, 0, 0, 0, 0, 0, 0, 0, 0, 0, 0, 0, 0, 0, 0, 0, 0, 0, 0, 0, 0, 0, 0, 0, 0, 0, 0, 0, 0, 0, 0, 0, 0, 0, 0, 0, 0, 0, 0]_[45, 3, 16, 3, 0, 0, 0, 0, 0, 0, 0, 0, 0, 0, 0, 0, 0, 0, 0, 0, 0, 0, 0, 0, 0, 0, 0, 0, 0, 0, 0, 0, 0, 0, 0, 0, 0, 0, 0, 0, 0, 0, 0, 0, 0, 0, 0, 0, 0, 0, 0]_[21, 109, 43, 109, 43, 1324, 5, 1044, 2, 111, 2, 111, 30, 8, 2529, 653, 10, 2378, 494, 6, 4586, 18, 2, 2, 798, 1278, 62, 0, 0, 0, 0, 0, 0, 0, 0, 0, 0, 0, 0, 0, 0, 0, 0, 0, 0, 0, 0, 0, 0, 0, 0]_[6, 135, 3, 5, 22, 4519, 31, 4845, 11, 845, 7, 3570, 26, 1885, 4843, 12, 3570, 26, 1885, 4842, 34, 58, 4844, 2377, 9, 12, 2, 508, 7, 1306, 408, 2715, 13, 3570, 26, 1885, 4842, 19, 1228, 0, 0, 0, 0, 0, 0, 0, 0, 0, 0, 0, 0]_[257, 0, 0, 0, 0, 0, 0, 0, 0, 0, 0, 0, 0, 0, 0, 0, 0, 0, 0, 0, 0, 0, 0, 0, 0, 0, 0, 0, 0, 0, 0, 0, 0, 0, 0, 0, 0, 0, 0, 0, 0, 0, 0, 0, 0, 0, 0, 0, 0, 0, 0]_[45, 3, 16, 3, 0, 0, 0, 0, 0, 0, 0, 0, 0, 0, 0, 0, 0, 0, 0, 0, 0, 0, 0, 0, 0, 0, 0, 0, 0, 0, 0, 0, 0, 0, 0, 0, 0, 0, 0, 0, 0, 0, 0, 0, 0, 0, 0, 0, 0, 0, 0]_[12, 5, 2, 1350, 1617, 825, 2, 798, 1278, 62, 1667, 7, 2229, 149, 2, 1350, 1963, 2, 1278, 6, 199, 38, 534, 2874, 6, 2, 1278, 7684, 798, 1925, 0, 0, 0, 0, 0, 0, 0, 0, 0, 0, 0, 0, 0, 0, 0, 0, 0, 0, 0, 0, 0]_[6, 135, 3, 5, 22, 4519, 31, 4845, 11, 845, 7, 3570, 26, 1885, 4843, 12, 3570, 26, 1885, 4842, 34, 58, 4844, 2377, 9, 12, 2, 508, 7, 1306, 408, 2715, 13, 3570, 26, 1885, 4842, 19, 1228, 0, 0, 0, 0, 0, 0, 0, 0, 0, 0, 0, 0]_[302]_[28, 119, 14, 11]_[2, 944]_[28, 119, 14, 11, 202, 1354, 386]
[257, 0, 0, 0, 0, 0, 0, 0, 0, 0, 0, 0, 0, 0, 0, 0, 0, 0, 0, 0, 0, 0, 0, 0, 0, 0, 0, 0, 0, 0, 0, 0, 0, 0, 0, 0, 0, 0, 0, 0, 0, 0, 0, 0, 0, 0, 0, 0, 0, 0, 0]_[45, 3, 16, 3, 0, 0, 0, 0, 0, 0, 0, 0, 0, 0, 0, 0, 0, 0, 0, 0, 0, 0, 0, 0, 0, 0, 0, 0, 0, 0, 0, 0, 0, 0, 0, 0, 0, 0, 0, 0, 0, 0, 0, 0, 0, 0, 0, 0, 0, 0, 0]_[21, 109, 43, 109, 43, 1324, 5, 1044, 2, 111, 2, 111, 30, 8, 2529, 653, 10, 2378, 494, 6, 4586, 18, 2, 2, 798, 1278, 62, 0, 0, 0, 0, 0, 0, 0, 0, 0, 0, 0, 0, 0, 0, 0, 0, 0, 0, 0, 0, 0, 0, 0, 0]_[6, 135, 3, 5, 22, 4519, 31, 4845, 11, 845, 7, 3570, 26, 1885, 4843, 12, 3570, 26, 1885, 4842, 34, 58, 4844, 2377, 9, 12, 2, 508, 7, 1306, 408, 2715, 13, 3570, 26, 1885, 4842, 19, 1228, 0, 0, 0, 0, 0, 0, 0, 0, 0, 0, 0, 0]_[1455, 0, 0, 0, 0, 0, 0, 0, 0, 0, 0, 0, 0, 0, 0, 0, 0, 0, 0, 0, 0, 0, 0, 0, 0, 0, 0, 0, 0, 0, 0, 0, 0, 0, 0, 0, 0, 0, 0, 0, 0, 0, 0, 0, 0, 0, 0, 0, 0, 0, 0]_[45, 3, 16, 3, 0, 0, 0, 0, 0, 0, 0, 0, 0, 0, 0, 0, 0, 0, 0, 0, 0, 0, 0, 0, 0, 0, 0, 0, 0, 0, 0, 0, 0, 0, 0, 0, 0, 0, 0, 0, 0, 0, 0, 0, 0, 0, 0, 0, 0, 0, 0]_[6, 135, 3, 5, 22, 4519, 31, 4845, 11, 845, 7, 3570, 26, 1885, 4843, 12, 3570, 26, 1885, 4842, 34, 58, 4844, 2377, 9, 12, 2, 508, 7, 1306, 408, 2715, 13, 3570, 26, 1885, 4842, 19, 1228, 0, 0, 0, 0, 0, 0, 0, 0, 0, 0, 0, 0]_[6, 135, 3, 5, 22, 4519, 31, 4845, 11, 845, 7, 3570, 26, 1885, 4843, 12, 3570, 26, 1885, 4842, 34, 58, 4844, 2377, 9, 12, 2, 508, 7, 1306, 408, 2715, 13, 3570, 26, 1885, 4842, 19, 1228, 0, 0, 0, 0, 0, 0, 0, 0, 0, 0, 0, 0]_[28, 119, 14, 11, 202, 1354, 386, 112, 2, 3603, 1141, 592, 70, 2, 3603, 1141, 468, 3, 2, 3603, 1141, 211, 170, 6, 33, 4963, 3, 5, 28, 119, 14, 11, 202, 1354, 386, 20, 3, 717, 12, 5, 22, 181, 46, 27, 593, 6, 57, 17, 98, 11, 4]_[302]_[28, 119, 14, 11, 202, 1354, 386]_[28, 119, 14, 11, 202, 1354, 386, 112, 41, 211, 1647, 18, 2, 301, 54, 146, 3, 5, 28, 119, 14, 11, 202, 1354, 386, 20, 13, 98, 11, 5, 2078, 409, 93, 4]
[257, 0, 0, 0, 0, 0, 0, 0, 0, 0, 0, 0, 0, 0, 0, 0, 0, 0, 0, 0, 0, 0, 0, 0, 0, 0, 0, 0, 0, 0, 0, 0, 0, 0, 0, 0, 0, 0, 0, 0, 0, 0, 0, 0, 0, 0, 0, 0, 0, 0, 0]_[45, 3, 16, 3, 0, 0, 0, 0, 0, 0, 0, 0, 0, 0, 0, 0, 0, 0, 0, 0, 0, 0, 0, 0, 0, 0, 0, 0, 0, 0, 0, 0, 0, 0, 0, 0, 0, 0, 0, 0, 0, 0, 0, 0, 0, 0, 0, 0, 0, 0, 0]_[21, 109, 43, 109, 43, 1324, 5, 1044, 2, 111, 2, 111, 30, 8, 2529, 653, 10, 2378, 494, 6, 4586, 18, 2, 2, 798, 1278, 62, 0, 0, 0, 0, 0, 0, 0, 0, 0, 0, 0, 0, 0, 0, 0, 0, 0, 0, 0, 0, 0, 0, 0, 0]_[6, 135, 3, 5, 22, 4519, 31, 4845, 11, 845, 7, 3570, 26, 1885, 4843, 12, 3570, 26, 1885, 4842, 34, 58, 4844, 2377, 9, 12, 2, 508, 7, 1306, 408, 2715, 13, 3570, 26, 1885, 4842, 19, 1228, 0, 0, 0, 0, 0, 0, 0, 0, 0, 0, 0, 0]_[257, 0, 0, 0, 0, 0, 0, 0, 0, 0, 0, 0, 0, 0, 0, 0, 0, 0, 0, 0, 0, 0, 0, 0, 0, 0, 0, 0, 0, 0, 0, 0, 0, 0, 0, 0, 0, 0, 0, 0, 0, 0, 0, 0, 0, 0, 0, 0, 0, 0, 0]_[45, 3, 16, 3, 0, 0, 0, 0, 0, 0, 0, 0, 0, 0, 0, 0, 0, 0, 0, 0, 0, 0, 0, 0, 0, 0, 0, 0, 0, 0, 0, 0, 0, 0, 0, 0, 0, 0, 0, 0, 0, 0, 0, 0, 0, 0, 0, 0, 0, 0, 0]_[12, 5, 177, 336, 881, 8, 107, 7695, 8, 28, 35, 142, 10, 182, 35, 31, 333, 1716, 9, 89, 3, 171, 31, 1008, 36, 333, 113, 65, 117, 83, 0, 0, 0, 0, 0, 0, 0, 0, 0, 0, 0, 0, 0, 0, 0, 0, 0, 0, 0, 0, 0]_[6, 135, 3, 5, 22, 4519, 31, 4845, 11, 845, 7, 3570, 26, 1885, 4843, 12, 3570, 26, 1885, 4842, 34, 58, 4844, 2377, 9, 12, 2, 508, 7, 1306, 408, 2715, 13, 3570, 26, 1885, 4842, 19, 1228, 0, 0, 0, 0, 0, 0, 0, 0, 0, 0, 0, 0]_[8, 221, 42, 410, 2080, 7, 96, 36, 28, 119, 14, 11, 10, 472, 1141, 17, 227, 26, 178, 518, 1358, 1142, 51, 33, 8, 5, 3604, 3605]_[21, 164, 13, 176, 20]_[28, 119, 14, 11, 202, 1354, 386, 760, 7, 2, 805, 23, 12, 2, 3603, 1141, 77, 847, 6, 301, 54, 938, 245, 10, 293]_[28, 119, 14, 11, 202, 1354, 386]
[257, 0, 0, 0, 0, 0, 0, 0, 0, 0, 0, 0, 0, 0, 0, 0, 0, 0, 0, 0, 0, 0, 0, 0, 0, 0, 0, 0, 0, 0, 0, 0, 0, 0, 0, 0, 0, 0, 0, 0, 0, 0, 0, 0, 0, 0, 0, 0, 0, 0, 0]_[45, 3, 16, 3, 0, 0, 0, 0, 0, 0, 0, 0, 0, 0, 0, 0, 0, 0, 0, 0, 0, 0, 0, 0, 0, 0, 0, 0, 0, 0, 0, 0, 0, 0, 0, 0, 0, 0, 0, 0, 0, 0, 0, 0, 0, 0, 0, 0, 0, 0, 0]_[21, 109, 43, 109, 43, 1324, 5, 1044, 2, 111, 2, 111, 30, 8, 2529, 653, 10, 2378, 494, 6, 4586, 18, 2, 2, 798, 1278, 62, 0, 0, 0, 0, 0, 0, 0, 0, 0, 0, 0, 0, 0, 0, 0, 0, 0, 0, 0, 0, 0, 0, 0, 0]_[6, 135, 3, 5, 22, 4519, 31, 4845, 11, 845, 7, 3570, 26, 1885, 4843, 12, 3570, 26, 1885, 4842, 34, 58, 4844, 2377, 9, 12, 2, 508, 7, 1306, 408, 2715, 13, 3570, 26, 1885, 4842, 19, 1228, 0, 0, 0, 0, 0, 0, 0, 0, 0, 0, 0, 0]_[674, 0, 0, 0, 0, 0, 0, 0, 0, 0, 0, 0, 0, 0, 0, 0, 0, 0, 0, 0, 0, 0, 0, 0, 0, 0, 0, 0, 0, 0, 0, 0, 0, 0, 0, 0, 0, 0, 0, 0, 0, 0, 0, 0, 0, 0, 0, 0, 0, 0, 0]_[45, 3, 16, 3, 0, 0, 0, 0, 0, 0, 0, 0, 0, 0, 0, 0, 0, 0, 0, 0, 0, 0, 0, 0, 0, 0, 0, 0, 0, 0, 0, 0, 0, 0, 0, 0, 0, 0, 0, 0, 0, 0, 0, 0, 0, 0, 0, 0, 0, 0, 0]_[70, 2, 28, 181, 389, 3457, 3, 2, 1212, 255, 19, 2061, 0, 0, 0, 0, 0, 0, 0, 0, 0, 0, 0, 0, 0, 0, 0, 0, 0, 0, 0, 0, 0, 0, 0, 0, 0, 0, 0, 0, 0, 0, 0, 0, 0, 0, 0, 0, 0, 0, 0]_[6, 135, 3, 5, 22, 4519, 31, 4845, 11, 845, 7, 3570, 26, 1885, 4843, 12, 3570, 26, 1885, 4842, 34, 58, 4844, 2377, 9, 12, 2, 508, 7, 1306, 408, 2715, 13, 3570, 26, 1885, 4842, 19, 1228, 0, 0, 0, 0, 0, 0, 0, 0, 0, 0, 0, 0]_[28, 119, 14, 11, 202, 1354, 386]_[28, 119, 14, 11, 202, 1354, 386, 11, 719, 3, 29, 719]_[264]_[20]
[257, 0, 0, 0, 0, 0, 0, 0, 0, 0, 0, 0, 0, 0, 0, 0, 0, 0, 0, 0, 0, 0, 0, 0, 0, 0, 0, 0, 0, 0, 0, 0, 0, 0, 0, 0, 0, 0, 0, 0, 0, 0, 0, 0, 0, 0, 0, 0, 0, 0, 0]_[45, 3, 16, 3, 0, 0, 0, 0, 0, 0, 0, 0, 0, 0, 0, 0, 0, 0, 0, 0, 0, 0, 0, 0, 0, 0, 0, 0, 0, 0, 0, 0, 0, 0, 0, 0, 0, 0, 0, 0, 0, 0, 0, 0, 0, 0, 0, 0, 0, 0, 0]_[21, 109, 43, 109, 43, 1324, 5, 1044, 2, 111, 2, 111, 30, 8, 2529, 653, 10, 2378, 494, 6, 4586, 18, 2, 2, 798, 1278, 62, 0, 0, 0, 0, 0, 0, 0, 0, 0, 0, 0, 0, 0, 0, 0, 0, 0, 0, 0, 0, 0, 0, 0, 0]_[6, 135, 3, 5, 22, 4519, 31, 4845, 11, 845, 7, 3570, 26, 1885, 4843, 12, 3570, 26, 1885, 4842, 34, 58, 4844, 2377, 9, 12, 2, 508, 7, 1306, 408, 2715, 13, 3570, 26, 1885, 4842, 19, 1228, 0, 0, 0, 0, 0, 0, 0, 0, 0, 0, 0, 0]_[1455, 0, 0, 0, 0, 0, 0, 0, 0, 0, 0, 0, 0, 0, 0, 0, 0, 0, 0, 0, 0, 0, 0, 0, 0, 0, 0, 0, 0, 0, 0, 0, 0, 0, 0, 0, 0, 0, 0, 0, 0, 0, 0, 0, 0, 0, 0, 0, 0, 0, 0]_[45, 3, 16, 3, 0, 0, 0, 0, 0, 0, 0, 0, 0, 0, 0, 0, 0, 0, 0, 0, 0, 0, 0, 0, 0, 0, 0, 0, 0, 0, 0, 0, 0, 0, 0, 0, 0, 0, 0, 0, 0, 0, 0, 0, 0, 0, 0, 0, 0, 0, 0]_[31, 8, 310, 615, 7, 2, 508, 7, 1306, 408, 12, 1146, 8, 2715, 12, 1632, 6, 7696, 4842, 10, 2, 508, 7, 1306, 0, 0, 0, 0, 0, 0, 0, 0, 0, 0, 0, 0, 0, 0, 0, 0, 0, 0, 0, 0, 0, 0, 0, 0, 0, 0, 0]_[6, 135, 3, 5, 22, 4519, 31, 4845, 11, 845, 7, 3570, 26, 1885, 4843, 12, 3570, 26, 1885, 4842, 34, 58, 4844, 2377, 9, 12, 2, 508, 7, 1306, 408, 2715, 13, 3570, 26, 1885, 4842, 19, 1228, 0, 0, 0, 0, 0, 0, 0, 0, 0, 0, 0, 0]_[12, 28, 119, 14, 11, 202, 1354, 386, 467, 91, 83, 312, 67, 19, 1647, 18, 8, 2402, 10, 2, 245, 7, 301, 54, 104, 4962, 1510, 18, 8, 193, 164]_[302]_[]_[20]
[257, 0, 0, 0, 0, 0, 0, 0, 0, 0, 0, 0, 0, 0, 0, 0, 0, 0, 0, 0, 0, 0, 0, 0, 0, 0, 0, 0, 0, 0, 0, 0, 0, 0, 0, 0, 0, 0, 0, 0, 0, 0, 0, 0, 0, 0, 0, 0, 0, 0, 0]_[45, 3, 16, 3, 0, 0, 0, 0, 0, 0, 0, 0, 0, 0, 0, 0, 0, 0, 0, 0, 0, 0, 0, 0, 0, 0, 0, 0, 0, 0, 0, 0, 0, 0, 0, 0, 0, 0, 0, 0, 0, 0, 0, 0, 0, 0, 0, 0, 0, 0, 0]_[21, 109, 43, 109, 43, 1324, 5, 1044, 2, 111, 2, 111, 30, 8, 2529, 653, 10, 2378, 494, 6, 4586, 18, 2, 2, 798, 1278, 62, 0, 0, 0, 0, 0, 0, 0, 0, 0, 0, 0, 0, 0, 0, 0, 0, 0, 0, 0, 0, 0, 0, 0, 0]_[6, 135, 3, 5, 22, 4519, 31, 4845, 11, 845, 7, 3570, 26, 1885, 4843, 12, 3570, 26, 1885, 4842, 34, 58, 4844, 2377, 9, 12, 2, 508, 7, 1306, 408, 2715, 13, 3570, 26, 1885, 4842, 19, 1228, 0, 0, 0, 0, 0, 0, 0, 0, 0, 0, 0, 0]_[257, 0, 0, 0, 0, 0, 0, 0, 0, 0, 0, 0, 0, 0, 0, 0, 0, 0, 0, 0, 0, 0, 0, 0, 0, 0, 0, 0, 0, 0, 0, 0, 0, 0, 0, 0, 0, 0, 0, 0, 0, 0, 0, 0, 0, 0, 0, 0, 0, 0, 0]_[45, 3, 16, 3, 0, 0, 0, 0, 0, 0, 0, 0, 0, 0, 0, 0, 0, 0, 0, 0, 0, 0, 0, 0, 0, 0, 0, 0, 0, 0, 0, 0, 0, 0, 0, 0, 0, 0, 0, 0, 0, 0, 0, 0, 0, 0, 0, 0, 0, 0, 0]_[12, 109, 43, 55, 602, 5, 462, 12, 4843, 35, 2, 3424, 310, 7, 72, 350, 34, 3570, 26, 1885, 35, 34, 4844, 2377, 149, 4843, 35, 2, 3424, 310, 7, 72, 350, 27, 29, 7697, 53, 7698, 9, 34, 10, 982, 486, 36, 107, 26, 7699, 1492, 0, 0, 0]_[6, 135, 3, 5, 22, 4519, 31, 4845, 11, 845, 7, 3570, 26, 1885, 4843, 12, 3570, 26, 1885, 4842, 34, 58, 4844, 2377, 9, 12, 2, 508, 7, 1306, 408, 2715, 13, 3570, 26, 1885, 4842, 19, 1228, 0, 0, 0, 0, 0, 0, 0, 0, 0, 0, 0, 0]_[28, 119, 14, 11, 202, 1354, 386]_[761]_[12, 28, 119, 14, 11, 202, 1354, 386, 467, 91, 83, 312, 67, 19, 1647, 18, 8, 2402, 10, 2, 245, 7, 301, 54, 104, 4962, 1510, 18, 8, 193, 164]_[28, 119, 14, 11, 202, 1354, 386, 112, 41, 211, 1647, 18, 2, 301, 54, 146, 3, 5, 28, 119, 14, 11, 202, 1354, 386, 20, 13, 98, 11, 5, 2078, 409, 93, 4]
[257, 0, 0, 0, 0, 0, 0, 0, 0, 0, 0, 0, 0, 0, 0, 0, 0, 0, 0, 0, 0, 0, 0, 0, 0, 0, 0, 0, 0, 0, 0, 0, 0, 0, 0, 0, 0, 0, 0, 0, 0, 0, 0, 0, 0, 0, 0, 0, 0, 0, 0]_[45, 3, 16, 3, 0, 0, 0, 0, 0, 0, 0, 0, 0, 0, 0, 0, 0, 0, 0, 0, 0, 0, 0, 0, 0, 0, 0, 0, 0, 0, 0, 0, 0, 0, 0, 0, 0, 0, 0, 0, 0, 0, 0, 0, 0, 0, 0, 0, 0, 0, 0]_[21, 109, 43, 109, 43, 1324, 5, 1044, 2, 111, 2, 111, 30, 8, 2529, 653, 10, 2378, 494, 6, 4586, 18, 2, 2, 798, 1278, 62, 0, 0, 0, 0, 0, 0, 0, 0, 0, 0, 0, 0, 0, 0, 0, 0, 0, 0, 0, 0, 0, 0, 0, 0]_[6, 135, 3, 5, 22, 4519, 31, 4845, 11, 845, 7, 3570, 26, 1885, 4843, 12, 3570, 26, 1885, 4842, 34, 58, 4844, 2377, 9, 12, 2, 508, 7, 1306, 408, 2715, 13, 3570, 26, 1885, 4842, 19, 1228, 0, 0, 0, 0, 0, 0, 0, 0, 0, 0, 0, 0]_[481, 0, 0, 0, 0, 0, 0, 0, 0, 0, 0, 0, 0, 0, 0, 0, 0, 0, 0, 0, 0, 0, 0, 0, 0, 0, 0, 0, 0, 0, 0, 0, 0, 0, 0, 0, 0, 0, 0, 0, 0, 0, 0, 0, 0, 0, 0, 0, 0, 0, 0]_[45, 3, 16, 3, 0, 0, 0, 0, 0, 0, 0, 0, 0, 0, 0, 0, 0, 0, 0, 0, 0, 0, 0, 0, 0, 0, 0, 0, 0, 0, 0, 0, 0, 0, 0, 0, 0, 0, 0, 0, 0, 0, 0, 0, 0, 0, 0, 0, 0, 0, 0]_[6, 135, 3, 5, 22, 4519, 31, 4845, 11, 845, 7, 3570, 26, 1885, 4843, 12, 3570, 26, 1885, 4842, 34, 58, 4844, 2377, 9, 12, 2, 508, 7, 1306, 408, 2715, 13, 3570, 26, 1885, 4842, 19, 1228, 0, 0, 0, 0, 0, 0, 0, 0, 0, 0, 0, 0]_[6, 135, 3, 5, 22, 4519, 31, 4845, 11, 845, 7, 3570, 26, 1885, 4843, 12, 3570, 26, 1885, 4842, 34, 58, 4844, 2377, 9, 12, 2, 508, 7, 1306, 408, 2715, 13, 3570, 26, 1885, 4842, 19, 1228, 0, 0, 0, 0, 0, 0, 0, 0, 0, 0, 0, 0]_[]_[28, 119, 14, 11, 202, 1354, 386]_[302]_[28, 119, 14, 11, 202, 1354, 386]
[1826, 0, 0, 0, 0, 0, 0, 0, 0, 0, 0, 0, 0, 0, 0, 0, 0, 0, 0, 0, 0, 0, 0, 0, 0, 0, 0, 0, 0, 0, 0, 0, 0, 0, 0, 0, 0, 0, 0, 0, 0, 0, 0, 0, 0, 0, 0, 0, 0, 0, 0]_[15, 23, 8, 1032, 109, 43, 0, 0, 0, 0, 0, 0, 0, 0, 0, 0, 0, 0, 0, 0, 0, 0, 0, 0, 0, 0, 0, 0, 0, 0, 0, 0, 0, 0, 0, 0, 0, 0, 0, 0, 0, 0, 0, 0, 0, 0, 0, 0, 0, 0, 0]_[7677, 0, 0, 0, 0, 0, 0, 0, 0, 0, 0, 0, 0, 0, 0, 0, 0, 0, 0, 0, 0, 0, 0, 0, 0, 0, 0, 0, 0, 0, 0, 0, 0, 0, 0, 0, 0, 0, 0, 0, 0, 0, 0, 0, 0, 0, 0, 0, 0, 0, 0]_[6, 135, 3, 5, 22, 4519, 31, 4845, 11, 845, 7, 3570, 26, 1885, 4843, 12, 3570, 26, 1885, 4842, 34, 58, 4844, 2377, 9, 12, 2, 508, 7, 1306, 408, 2715, 13, 3570, 26, 1885, 4842, 19, 1228, 0, 0, 0, 0, 0, 0, 0, 0, 0, 0, 0, 0]_[1016, 0, 0, 0, 0, 0, 0, 0, 0, 0, 0, 0, 0, 0, 0, 0, 0, 0, 0, 0, 0, 0, 0, 0, 0, 0, 0, 0, 0, 0, 0, 0, 0, 0, 0, 0, 0, 0, 0, 0, 0, 0, 0, 0, 0, 0, 0, 0, 0, 0, 0]_[36, 109, 43, 0, 0, 0, 0, 0, 0, 0, 0, 0, 0, 0, 0, 0, 0, 0, 0, 0, 0, 0, 0, 0, 0, 0, 0, 0, 0, 0, 0, 0, 0, 0, 0, 0, 0, 0, 0, 0, 0, 0, 0, 0, 0, 0, 0, 0, 0, 0, 0]_[12, 0, 0, 0, 0, 0, 0, 0, 0, 0, 0, 0, 0, 0, 0, 0, 0, 0, 0, 0, 0, 0, 0, 0, 0, 0, 0, 0, 0, 0, 0, 0, 0, 0, 0, 0, 0, 0, 0, 0, 0, 0, 0, 0, 0, 0, 0, 0, 0, 0, 0]_[6, 135, 3, 5, 22, 4519, 31, 4845, 11, 845, 7, 3570, 26, 1885, 4843, 12, 3570, 26, 1885, 4842, 34, 58, 4844, 2377, 9, 12, 2, 508, 7, 1306, 408, 2715, 13, 3570, 26, 1885, 4842, 19, 1228, 0, 0, 0, 0, 0, 0, 0, 0, 0, 0, 0, 0]_[28, 119, 14, 11, 202, 1354, 386]_[28, 119, 14, 11, 202, 1354, 386, 11, 719, 3, 29, 719]_[28, 119, 14, 11]_[41, 77, 29, 716, 6, 38, 422, 18, 312, 67, 6, 164, 28, 119, 14, 11, 9, 55, 29, 759, 31, 28, 119, 14, 11, 5, 10, 8, 157]
[20, 0, 0, 0, 0, 0, 0, 0, 0, 0, 0, 0, 0, 0, 0, 0, 0, 0, 0, 0, 0, 0, 0, 0, 0, 0, 0, 0, 0, 0, 0, 0, 0, 0, 0, 0, 0, 0, 0, 0, 0, 0, 0, 0, 0, 0, 0, 0, 0, 0, 0]_[28, 119, 14, 11, 202, 1354, 386, 0, 0, 0, 0, 0, 0, 0, 0, 0, 0, 0, 0, 0, 0, 0, 0, 0, 0, 0, 0, 0, 0, 0, 0, 0, 0, 0, 0, 0, 0, 0, 0, 0, 0, 0, 0, 0, 0, 0, 0, 0, 0, 0, 0]_[28, 119, 14, 11, 202, 1354, 386, 112, 41, 211, 1647, 18, 2, 301, 54, 146, 3, 5, 28, 119, 14, 11, 202, 1354, 386, 20, 13, 98, 11, 5, 2078, 409, 93, 4, 0, 0, 0, 0, 0, 0, 0, 0, 0, 0, 0, 0, 0, 0, 0, 0, 0]_[6, 135, 3, 5, 22, 4519, 31, 4845, 11, 845, 7, 3570, 26, 1885, 4843, 12, 3570, 26, 1885, 4842, 34, 58, 4844, 2377, 9, 12, 2, 508, 7, 1306, 408, 2715, 13, 3570, 26, 1885, 4842, 19, 1228, 0, 0, 0, 0, 0, 0, 0, 0, 0, 0, 0, 0]_[20, 0, 0, 0, 0, 0, 0, 0, 0, 0, 0, 0, 0, 0, 0, 0, 0, 0, 0, 0, 0, 0, 0, 0, 0, 0, 0, 0, 0, 0, 0, 0, 0, 0, 0, 0, 0, 0, 0, 0, 0, 0, 0, 0, 0, 0, 0, 0, 0, 0, 0]_[28, 119, 14, 11, 202, 1354, 386, 0, 0, 0, 0, 0, 0, 0, 0, 0, 0, 0, 0, 0, 0, 0, 0, 0, 0, 0, 0, 0, 0, 0, 0, 0, 0, 0, 0, 0, 0, 0, 0, 0, 0, 0, 0, 0, 0, 0, 0, 0, 0, 0, 0]_[12, 28, 119, 14, 11, 202, 1354, 386, 467, 91, 83, 312, 67, 19, 1647, 18, 8, 2402, 10, 2, 245, 7, 301, 54, 104, 4962, 1510, 18, 8, 193, 164, 0, 0, 0, 0, 0, 0, 0, 0, 0, 0, 0, 0, 0, 0, 0, 0, 0, 0, 0, 0]_[6, 135, 3, 5, 22, 4519, 31, 4845, 11, 845, 7, 3570, 26, 1885, 4843, 12, 3570, 26, 1885, 4842, 34, 58, 4844, 2377, 9, 12, 2, 508, 7, 1306, 408, 2715, 13, 3570, 26, 1885, 4842, 19, 1228, 0, 0, 0, 0, 0, 0, 0, 0, 0, 0, 0, 0]_[28, 119, 14, 11, 202, 1354, 386, 760, 7, 2, 805, 23, 12, 2, 3603, 1141, 77, 847, 6, 301, 54, 938, 245, 10, 293]_[28, 119, 14, 11, 202, 1354, 386]_[761]_[28, 119, 14, 11, 202, 1354, 386]
[20, 0, 0, 0, 0, 0, 0, 0, 0, 0, 0, 0, 0, 0, 0, 0, 0, 0, 0, 0, 0, 0, 0, 0, 0, 0, 0, 0, 0, 0, 0, 0, 0, 0, 0, 0, 0, 0, 0, 0, 0, 0, 0, 0, 0, 0, 0, 0, 0, 0, 0]_[28, 119, 14, 11, 202, 1354, 386, 0, 0, 0, 0, 0, 0, 0, 0, 0, 0, 0, 0, 0, 0, 0, 0, 0, 0, 0, 0, 0, 0, 0, 0, 0, 0, 0, 0, 0, 0, 0, 0, 0, 0, 0, 0, 0, 0, 0, 0, 0, 0, 0, 0]_[28, 119, 14, 11, 202, 1354, 386, 112, 41, 211, 1647, 18, 2, 301, 54, 146, 3, 5, 28, 119, 14, 11, 202, 1354, 386, 20, 13, 98, 11, 5, 2078, 409, 93, 4, 0, 0, 0, 0, 0, 0, 0, 0, 0, 0, 0, 0, 0, 0, 0, 0, 0]_[6, 135, 3, 5, 22, 4519, 31, 4845, 11, 845, 7, 3570, 26, 1885, 4843, 12, 3570, 26, 1885, 4842, 34, 58, 4844, 2377, 9, 12, 2, 508, 7, 1306, 408, 2715, 13, 3570, 26, 1885, 4842, 19, 1228, 0, 0, 0, 0, 0, 0, 0, 0, 0, 0, 0, 0]_[20, 0, 0, 0, 0, 0, 0, 0, 0, 0, 0, 0, 0, 0, 0, 0, 0, 0, 0, 0, 0, 0, 0, 0, 0, 0, 0, 0, 0, 0, 0, 0, 0, 0, 0, 0, 0, 0, 0, 0, 0, 0, 0, 0, 0, 0, 0, 0, 0, 0, 0]_[28, 119, 14, 11, 202, 1354, 386, 0, 0, 0, 0, 0, 0, 0, 0, 0, 0, 0, 0, 0, 0, 0, 0, 0, 0, 0, 0, 0, 0, 0, 0, 0, 0, 0, 0, 0, 0, 0, 0, 0, 0, 0, 0, 0, 0, 0, 0, 0, 0, 0, 0]_[28, 119, 14, 11, 202, 1354, 386, 760, 7, 2, 805, 23, 12, 2, 3603, 1141, 77, 847, 6, 301, 54, 938, 245, 10, 293, 0, 0, 0, 0, 0, 0, 0, 0, 0, 0, 0, 0, 0, 0, 0, 0, 0, 0, 0, 0, 0, 0, 0, 0, 0, 0]_[6, 135, 3, 5, 22, 4519, 31, 4845, 11, 845, 7, 3570, 26, 1885, 4843, 12, 3570, 26, 1885, 4842, 34, 58, 4844, 2377, 9, 12, 2, 508, 7, 1306, 408, 2715, 13, 3570, 26, 1885, 4842, 19, 1228, 0, 0, 0, 0, 0, 0, 0, 0, 0, 0, 0, 0]_[18, 8, 245, 10, 212, 3, 331, 3, 18, 677, 2404, 237, 470, 1357]_[28, 119, 14, 11, 202, 1354, 386, 760, 7, 2, 805, 23, 12, 2, 3603, 1141, 77, 847, 6, 301, 54, 938, 245, 10, 293]_[8, 221, 42, 410, 2080, 7, 96, 36, 28, 119, 14, 11, 10, 472, 1141, 17, 227, 26, 178, 518, 1358, 1142, 51, 33, 8, 5, 3604, 3605]_[12, 28, 119, 14, 11, 202, 1354, 386, 467, 91, 83, 312, 67, 19, 1647, 18, 8, 2402, 10, 2, 245, 7, 301, 54, 104, 4962, 1510, 18, 8, 193, 164]
[20, 0, 0, 0, 0, 0, 0, 0, 0, 0, 0, 0, 0, 0, 0, 0, 0, 0, 0, 0, 0, 0, 0, 0, 0, 0, 0, 0, 0, 0, 0, 0, 0, 0, 0, 0, 0, 0, 0, 0, 0, 0, 0, 0, 0, 0, 0, 0, 0, 0, 0]_[28, 119, 14, 11, 202, 1354, 386, 0, 0, 0, 0, 0, 0, 0, 0, 0, 0, 0, 0, 0, 0, 0, 0, 0, 0, 0, 0, 0, 0, 0, 0, 0, 0, 0, 0, 0, 0, 0, 0, 0, 0, 0, 0, 0, 0, 0, 0, 0, 0, 0, 0]_[28, 119, 14, 11, 202, 1354, 386, 112, 41, 211, 1647, 18, 2, 301, 54, 146, 3, 5, 28, 119, 14, 11, 202, 1354, 386, 20, 13, 98, 11, 5, 2078, 409, 93, 4, 0, 0, 0, 0, 0, 0, 0, 0, 0, 0, 0, 0, 0, 0, 0, 0, 0]_[6, 135, 3, 5, 22, 4519, 31, 4845, 11, 845, 7, 3570, 26, 1885, 4843, 12, 3570, 26, 1885, 4842, 34, 58, 4844, 2377, 9, 12, 2, 508, 7, 1306, 408, 2715, 13, 3570, 26, 1885, 4842, 19, 1228, 0, 0, 0, 0, 0, 0, 0, 0, 0, 0, 0, 0]_[20, 0, 0, 0, 0, 0, 0, 0, 0, 0, 0, 0, 0, 0, 0, 0, 0, 0, 0, 0, 0, 0, 0, 0, 0, 0, 0, 0, 0, 0, 0, 0, 0, 0, 0, 0, 0, 0, 0, 0, 0, 0, 0, 0, 0, 0, 0, 0, 0, 0, 0]_[28, 119, 14, 11, 202, 1354, 386, 0, 0, 0, 0, 0, 0, 0, 0, 0, 0, 0, 0, 0, 0, 0, 0, 0, 0, 0, 0, 0, 0, 0, 0, 0, 0, 0, 0, 0, 0, 0, 0, 0, 0, 0, 0, 0, 0, 0, 0, 0, 0, 0, 0]_[28, 119, 14, 11, 202, 1354, 386, 112, 2, 3603, 1141, 592, 70, 2, 3603, 1141, 468, 3, 2, 3603, 1141, 211, 170, 6, 33, 4963, 3, 5, 28, 119, 14, 11, 202, 1354, 386, 20, 3, 717, 12, 5, 22, 181, 46, 27, 593, 6, 57, 17, 98, 11, 4]_[6, 135, 3, 5, 22, 4519, 31, 4845, 11, 845, 7, 3570, 26, 1885, 4843, 12, 3570, 26, 1885, 4842, 34, 58, 4844, 2377, 9, 12, 2, 508, 7, 1306, 408, 2715, 13, 3570, 26, 1885, 4842, 19, 1228, 0, 0, 0, 0, 0, 0, 0, 0, 0, 0, 0, 0]_[8, 221, 42, 410, 2080, 7, 96, 36, 28, 119, 14, 11, 10, 472, 1141, 17, 227, 26, 178, 518, 1358, 1142, 51, 33, 8, 5, 3604, 3605]_[28, 119, 14, 11, 202, 1354, 386, 11, 719, 3, 29, 719]_[6, 38, 164, 17, 2, 91, 83, 239]_[20]
[20, 0, 0, 0, 0, 0, 0, 0, 0, 0, 0, 0, 0, 0, 0, 0, 0, 0, 0, 0, 0, 0, 0, 0, 0, 0, 0, 0, 0, 0, 0, 0, 0, 0, 0, 0, 0, 0, 0, 0, 0, 0, 0, 0, 0, 0, 0, 0, 0, 0, 0]_[28, 119, 14, 11, 202, 1354, 386, 0, 0, 0, 0, 0, 0, 0, 0, 0, 0, 0, 0, 0, 0, 0, 0, 0, 0, 0, 0, 0, 0, 0, 0, 0, 0, 0, 0, 0, 0, 0, 0, 0, 0, 0, 0, 0, 0, 0, 0, 0, 0, 0, 0]_[28, 119, 14, 11, 202, 1354, 386, 112, 41, 211, 1647, 18, 2, 301, 54, 146, 3, 5, 28, 119, 14, 11, 202, 1354, 386, 20, 13, 98, 11, 5, 2078, 409, 93, 4, 0, 0, 0, 0, 0, 0, 0, 0, 0, 0, 0, 0, 0, 0, 0, 0, 0]_[6, 135, 3, 5, 22, 4519, 31, 4845, 11, 845, 7, 3570, 26, 1885, 4843, 12, 3570, 26, 1885, 4842, 34, 58, 4844, 2377, 9, 12, 2, 508, 7, 1306, 408, 2715, 13, 3570, 26, 1885, 4842, 19, 1228, 0, 0, 0, 0, 0, 0, 0, 0, 0, 0, 0, 0]_[264, 0, 0, 0, 0, 0, 0, 0, 0, 0, 0, 0, 0, 0, 0, 0, 0, 0, 0, 0, 0, 0, 0, 0, 0, 0, 0, 0, 0, 0, 0, 0, 0, 0, 0, 0, 0, 0, 0, 0, 0, 0, 0, 0, 0, 0, 0, 0, 0, 0, 0]_[28, 119, 14, 11, 202, 1354, 386, 0, 0, 0, 0, 0, 0, 0, 0, 0, 0, 0, 0, 0, 0, 0, 0, 0, 0, 0, 0, 0, 0, 0, 0, 0, 0, 0, 0, 0, 0, 0, 0, 0, 0, 0, 0, 0, 0, 0, 0, 0, 0, 0, 0]_[28, 119, 14, 11, 202, 1354, 386, 181, 46, 260, 593, 60, 0, 0, 0, 0, 0, 0, 0, 0, 0, 0, 0, 0, 0, 0, 0, 0, 0, 0, 0, 0, 0, 0, 0, 0, 0, 0, 0, 0, 0, 0, 0, 0, 0, 0, 0, 0, 0, 0, 0]_[6, 135, 3, 5, 22, 4519, 31, 4845, 11, 845, 7, 3570, 26, 1885, 4843, 12, 3570, 26, 1885, 4842, 34, 58, 4844, 2377, 9, 12, 2, 508, 7, 1306, 408, 2715, 13, 3570, 26, 1885, 4842, 19, 1228, 0, 0, 0, 0, 0, 0, 0, 0, 0, 0, 0, 0]_[28, 119, 14, 11, 202, 1354, 386]_[28, 119, 14, 11, 202, 1354, 386]_[21, 164, 13, 176, 20]_[20]
[20, 0, 0, 0, 0, 0, 0, 0, 0, 0, 0, 0, 0, 0, 0, 0, 0, 0, 0, 0, 0, 0, 0, 0, 0, 0, 0, 0, 0, 0, 0, 0, 0, 0, 0, 0, 0, 0, 0, 0, 0, 0, 0, 0, 0, 0, 0, 0, 0, 0, 0]_[28, 119, 14, 11, 202, 1354, 386, 0, 0, 0, 0, 0, 0, 0, 0, 0, 0, 0, 0, 0, 0, 0, 0, 0, 0, 0, 0, 0, 0, 0, 0, 0, 0, 0, 0, 0, 0, 0, 0, 0, 0, 0, 0, 0, 0, 0, 0, 0, 0, 0, 0]_[28, 119, 14, 11, 202, 1354, 386, 112, 41, 211, 1647, 18, 2, 301, 54, 146, 3, 5, 28, 119, 14, 11, 202, 1354, 386, 20, 13, 98, 11, 5, 2078, 409, 93, 4, 0, 0, 0, 0, 0, 0, 0, 0, 0, 0, 0, 0, 0, 0, 0, 0, 0]_[6, 135, 3, 5, 22, 4519, 31, 4845, 11, 845, 7, 3570, 26, 1885, 4843, 12, 3570, 26, 1885, 4842, 34, 58, 4844, 2377, 9, 12, 2, 508, 7, 1306, 408, 2715, 13, 3570, 26, 1885, 4842, 19, 1228, 0, 0, 0, 0, 0, 0, 0, 0, 0, 0, 0, 0]_[135, 0, 0, 0, 0, 0, 0, 0, 0, 0, 0, 0, 0, 0, 0, 0, 0, 0, 0, 0, 0, 0, 0, 0, 0, 0, 0, 0, 0, 0, 0, 0, 0, 0, 0, 0, 0, 0, 0, 0, 0, 0, 0, 0, 0, 0, 0, 0, 0, 0, 0]_[28, 119, 14, 11, 202, 1354, 386, 0, 0, 0, 0, 0, 0, 0, 0, 0, 0, 0, 0, 0, 0, 0, 0, 0, 0, 0, 0, 0, 0, 0, 0, 0, 0, 0, 0, 0, 0, 0, 0, 0, 0, 0, 0, 0, 0, 0, 0, 0, 0, 0, 0]_[28, 119, 14, 11, 202, 1354, 386, 11, 719, 3, 29, 719, 0, 0, 0, 0, 0, 0, 0, 0, 0, 0, 0, 0, 0, 0, 0, 0, 0, 0, 0, 0, 0, 0, 0, 0, 0, 0, 0, 0, 0, 0, 0, 0, 0, 0, 0, 0, 0, 0, 0]_[6, 135, 3, 5, 22, 4519, 31, 4845, 11, 845, 7, 3570, 26, 1885, 4843, 12, 3570, 26, 1885, 4842, 34, 58, 4844, 2377, 9, 12, 2, 508, 7, 1306, 408, 2715, 13, 3570, 26, 1885, 4842, 19, 1228, 0, 0, 0, 0, 0, 0, 0, 0, 0, 0, 0, 0]_[]_[20]_[28, 119, 14, 11, 202, 1354, 386, 181, 46, 260, 593, 60]_[28, 119, 14, 11, 202, 1354, 386]
[20, 0, 0, 0, 0, 0, 0, 0, 0, 0, 0, 0, 0, 0, 0, 0, 0, 0, 0, 0, 0, 0, 0, 0, 0, 0, 0, 0, 0, 0, 0, 0, 0, 0, 0, 0, 0, 0, 0, 0, 0, 0, 0, 0, 0, 0, 0, 0, 0, 0, 0]_[28, 119, 14, 11, 202, 1354, 386, 0, 0, 0, 0, 0, 0, 0, 0, 0, 0, 0, 0, 0, 0, 0, 0, 0, 0, 0, 0, 0, 0, 0, 0, 0, 0, 0, 0, 0, 0, 0, 0, 0, 0, 0, 0, 0, 0, 0, 0, 0, 0, 0, 0]_[12, 28, 119, 14, 11, 202, 1354, 386, 467, 91, 83, 312, 67, 19, 1647, 18, 8, 2402, 10, 2, 245, 7, 301, 54, 104, 4962, 1510, 18, 8, 193, 164, 0, 0, 0, 0, 0, 0, 0, 0, 0, 0, 0, 0, 0, 0, 0, 0, 0, 0, 0, 0]_[6, 135, 3, 5, 22, 4519, 31, 4845, 11, 845, 7, 3570, 26, 1885, 4843, 12, 3570, 26, 1885, 4842, 34, 58, 4844, 2377, 9, 12, 2, 508, 7, 1306, 408, 2715, 13, 3570, 26, 1885, 4842, 19, 1228, 0, 0, 0, 0, 0, 0, 0, 0, 0, 0, 0, 0]_[20, 0, 0, 0, 0, 0, 0, 0, 0, 0, 0, 0, 0, 0, 0, 0, 0, 0, 0, 0, 0, 0, 0, 0, 0, 0, 0, 0, 0, 0, 0, 0, 0, 0, 0, 0, 0, 0, 0, 0, 0, 0, 0, 0, 0, 0, 0, 0, 0, 0, 0]_[28, 119, 14, 11, 202, 1354, 386, 0, 0, 0, 0, 0, 0, 0, 0, 0, 0, 0, 0, 0, 0, 0, 0, 0, 0, 0, 0, 0, 0, 0, 0, 0, 0, 0, 0, 0, 0, 0, 0, 0, 0, 0, 0, 0, 0, 0, 0, 0, 0, 0, 0]_[28, 119, 14, 11, 202, 1354, 386, 112, 41, 211, 1647, 18, 2, 301, 54, 146, 3, 5, 28, 119, 14, 11, 202, 1354, 386, 20, 13, 98, 11, 5, 2078, 409, 93, 4, 0, 0, 0, 0, 0, 0, 0, 0, 0, 0, 0, 0, 0, 0, 0, 0, 0]_[6, 135, 3, 5, 22, 4519, 31, 4845, 11, 845, 7, 3570, 26, 1885, 4843, 12, 3570, 26, 1885, 4842, 34, 58, 4844, 2377, 9, 12, 2, 508, 7, 1306, 408, 2715, 13, 3570, 26, 1885, 4842, 19, 1228, 0, 0, 0, 0, 0, 0, 0, 0, 0, 0, 0, 0]_[6, 38, 164, 17, 2, 91, 83, 239]_[28, 119, 14, 11, 202, 1354, 386, 181, 46, 260, 593, 60]_[135]_[28, 119, 14, 11, 202, 1354, 386, 112, 41, 211, 1647, 18, 2, 301, 54, 146, 3, 5, 28, 119, 14, 11, 202, 1354, 386, 20, 13, 98, 11, 5, 2078, 409, 93, 4]
[20, 0, 0, 0, 0, 0, 0, 0, 0, 0, 0, 0, 0, 0, 0, 0, 0, 0, 0, 0, 0, 0, 0, 0, 0, 0, 0, 0, 0, 0, 0, 0, 0, 0, 0, 0, 0, 0, 0, 0, 0, 0, 0, 0, 0, 0, 0, 0, 0, 0, 0]_[28, 119, 14, 11, 202, 1354, 386, 0, 0, 0, 0, 0, 0, 0, 0, 0, 0, 0, 0, 0, 0, 0, 0, 0, 0, 0, 0, 0, 0, 0, 0, 0, 0, 0, 0, 0, 0, 0, 0, 0, 0, 0, 0, 0, 0, 0, 0, 0, 0, 0, 0]_[12, 28, 119, 14, 11, 202, 1354, 386, 467, 91, 83, 312, 67, 19, 1647, 18, 8, 2402, 10, 2, 245, 7, 301, 54, 104, 4962, 1510, 18, 8, 193, 164, 0, 0, 0, 0, 0, 0, 0, 0, 0, 0, 0, 0, 0, 0, 0, 0, 0, 0, 0, 0]_[6, 135, 3, 5, 22, 4519, 31, 4845, 11, 845, 7, 3570, 26, 1885, 4843, 12, 3570, 26, 1885, 4842, 34, 58, 4844, 2377, 9, 12, 2, 508, 7, 1306, 408, 2715, 13, 3570, 26, 1885, 4842, 19, 1228, 0, 0, 0, 0, 0, 0, 0, 0, 0, 0, 0, 0]_[20, 0, 0, 0, 0, 0, 0, 0, 0, 0, 0, 0, 0, 0, 0, 0, 0, 0, 0, 0, 0, 0, 0, 0, 0, 0, 0, 0, 0, 0, 0, 0, 0, 0, 0, 0, 0, 0, 0, 0, 0, 0, 0, 0, 0, 0, 0, 0, 0, 0, 0]_[28, 119, 14, 11, 202, 1354, 386, 0, 0, 0, 0, 0, 0, 0, 0, 0, 0, 0, 0, 0, 0, 0, 0, 0, 0, 0, 0, 0, 0, 0, 0, 0, 0, 0, 0, 0, 0, 0, 0, 0, 0, 0, 0, 0, 0, 0, 0, 0, 0, 0, 0]_[28, 119, 14, 11, 202, 1354, 386, 760, 7, 2, 805, 23, 12, 2, 3603, 1141, 77, 847, 6, 301, 54, 938, 245, 10, 293, 0, 0, 0, 0, 0, 0, 0, 0, 0, 0, 0, 0, 0, 0, 0, 0, 0, 0, 0, 0, 0, 0, 0, 0, 0, 0]_[6, 135, 3, 5, 22, 4519, 31, 4845, 11, 845, 7, 3570, 26, 1885, 4843, 12, 3570, 26, 1885, 4842, 34, 58, 4844, 2377, 9, 12, 2, 508, 7, 1306, 408, 2715, 13, 3570, 26, 1885, 4842, 19, 1228, 0, 0, 0, 0, 0, 0, 0, 0, 0, 0, 0, 0]_[28, 119, 14, 11, 202, 1354, 386]_[28, 119, 14, 11, 202, 1354, 386, 112, 41, 211, 1647, 18, 2, 301, 54, 146, 3, 5, 28, 119, 14, 11, 202, 1354, 386, 20, 13, 98, 11, 5, 2078, 409, 93, 4]_[60, 103, 8, 996, 233, 13, 718, 1356]_[12, 28, 119, 14, 11, 202, 1354, 386, 467, 91, 83, 312, 67, 19, 1647, 18, 8, 2402, 10, 2, 245, 7, 301, 54, 104, 4962, 1510, 18, 8, 193, 164]
[20, 0, 0, 0, 0, 0, 0, 0, 0, 0, 0, 0, 0, 0, 0, 0, 0, 0, 0, 0, 0, 0, 0, 0, 0, 0, 0, 0, 0, 0, 0, 0, 0, 0, 0, 0, 0, 0, 0, 0, 0, 0, 0, 0, 0, 0, 0, 0, 0, 0, 0]_[28, 119, 14, 11, 202, 1354, 386, 0, 0, 0, 0, 0, 0, 0, 0, 0, 0, 0, 0, 0, 0, 0, 0, 0, 0, 0, 0, 0, 0, 0, 0, 0, 0, 0, 0, 0, 0, 0, 0, 0, 0, 0, 0, 0, 0, 0, 0, 0, 0, 0, 0]_[41, 77, 29, 716, 6, 38, 422, 18, 312, 67, 6, 164, 28, 119, 14, 11, 9, 55, 29, 759, 31, 28, 119, 14, 11, 5, 10, 8, 157, 0, 0, 0, 0, 0, 0, 0, 0, 0, 0, 0, 0, 0, 0, 0, 0, 0, 0, 0, 0, 0, 0]_[6, 135, 3, 5, 22, 4519, 31, 4845, 11, 845, 7, 3570, 26, 1885, 4843, 12, 3570, 26, 1885, 4842, 34, 58, 4844, 2377, 9, 12, 2, 508, 7, 1306, 408, 2715, 13, 3570, 26, 1885, 4842, 19, 1228, 0, 0, 0, 0, 0, 0, 0, 0, 0, 0, 0, 0]_[20, 0, 0, 0, 0, 0, 0, 0, 0, 0, 0, 0, 0, 0, 0, 0, 0, 0, 0, 0, 0, 0, 0, 0, 0, 0, 0, 0, 0, 0, 0, 0, 0, 0, 0, 0, 0, 0, 0, 0, 0, 0, 0, 0, 0, 0, 0, 0, 0, 0, 0]_[28, 119, 14, 11, 202, 1354, 386, 0, 0, 0, 0, 0, 0, 0, 0, 0, 0, 0, 0, 0, 0, 0, 0, 0, 0, 0, 0, 0, 0, 0, 0, 0, 0, 0, 0, 0, 0, 0, 0, 0, 0, 0, 0, 0, 0, 0, 0, 0, 0, 0, 0]_[28, 119, 14, 11, 202, 1354, 386, 112, 41, 211, 1647, 18, 2, 301, 54, 146, 3, 5, 28, 119, 14, 11, 202, 1354, 386, 20, 13, 98, 11, 5, 2078, 409, 93, 4, 0, 0, 0, 0, 0, 0, 0, 0, 0, 0, 0, 0, 0, 0, 0, 0, 0]_[6, 135, 3, 5, 22, 4519, 31, 4845, 11, 845, 7, 3570, 26, 1885, 4843, 12, 3570, 26, 1885, 4842, 34, 58, 4844, 2377, 9, 12, 2, 508, 7, 1306, 408, 2715, 13, 3570, 26, 1885, 4842, 19, 1228, 0, 0, 0, 0, 0, 0, 0, 0, 0, 0, 0, 0]_[60, 103, 8, 996, 233, 13, 718, 1356]_[8, 221, 42, 410, 2080, 7, 96, 36, 28, 119, 14, 11, 10, 472, 1141, 17, 227, 26, 178, 518, 1358, 1142, 51, 33, 8, 5, 3604, 3605]_[45, 3, 16, 3]_[28, 119, 14, 11, 202, 1354, 386]
[20, 0, 0, 0, 0, 0, 0, 0, 0, 0, 0, 0, 0, 0, 0, 0, 0, 0, 0, 0, 0, 0, 0, 0, 0, 0, 0, 0, 0, 0, 0, 0, 0, 0, 0, 0, 0, 0, 0, 0, 0, 0, 0, 0, 0, 0, 0, 0, 0, 0, 0]_[28, 119, 14, 11, 202, 1354, 386, 0, 0, 0, 0, 0, 0, 0, 0, 0, 0, 0, 0, 0, 0, 0, 0, 0, 0, 0, 0, 0, 0, 0, 0, 0, 0, 0, 0, 0, 0, 0, 0, 0, 0, 0, 0, 0, 0, 0, 0, 0, 0, 0, 0]_[312, 67, 1143, 1144, 66, 28, 119, 14, 11, 619, 19, 170, 6, 33, 0, 0, 0, 0, 0, 0, 0, 0, 0, 0, 0, 0, 0, 0, 0, 0, 0, 0, 0, 0, 0, 0, 0, 0, 0, 0, 0, 0, 0, 0, 0, 0, 0, 0, 0, 0, 0]_[6, 135, 3, 5, 22, 4519, 31, 4845, 11, 845, 7, 3570, 26, 1885, 4843, 12, 3570, 26, 1885, 4842, 34, 58, 4844, 2377, 9, 12, 2, 508, 7, 1306, 408, 2715, 13, 3570, 26, 1885, 4842, 19, 1228, 0, 0, 0, 0, 0, 0, 0, 0, 0, 0, 0, 0]_[20, 0, 0, 0, 0, 0, 0, 0, 0, 0, 0, 0, 0, 0, 0, 0, 0, 0, 0, 0, 0, 0, 0, 0, 0, 0, 0, 0, 0, 0, 0, 0, 0, 0, 0, 0, 0, 0, 0, 0, 0, 0, 0, 0, 0, 0, 0, 0, 0, 0, 0]_[28, 119, 14, 11, 202, 1354, 386, 0, 0, 0, 0, 0, 0, 0, 0, 0, 0, 0, 0, 0, 0, 0, 0, 0, 0, 0, 0, 0, 0, 0, 0, 0, 0, 0, 0, 0, 0, 0, 0, 0, 0, 0, 0, 0, 0, 0, 0, 0, 0, 0, 0]_[12, 28, 119, 14, 11, 202, 1354, 386, 467, 91, 83, 312, 67, 19, 1647, 18, 8, 2402, 10, 2, 245, 7, 301, 54, 104, 4962, 1510, 18, 8, 193, 164, 0, 0, 0, 0, 0, 0, 0, 0, 0, 0, 0, 0, 0, 0, 0, 0, 0, 0, 0, 0]_[6, 135, 3, 5, 22, 4519, 31, 4845, 11, 845, 7, 3570, 26, 1885, 4843, 12, 3570, 26, 1885, 4842, 34, 58, 4844, 2377, 9, 12, 2, 508, 7, 1306, 408, 2715, 13, 3570, 26, 1885, 4842, 19, 1228, 0, 0, 0, 0, 0, 0, 0, 0, 0, 0, 0, 0]_[20]_[28, 119, 14, 11, 202, 1354, 386, 181, 46, 260, 593, 60]_[264]_[28, 119, 14, 11, 202, 1354, 386, 112, 41, 211, 1647, 18, 2, 301, 54, 146, 3, 5, 28, 119, 14, 11, 202, 1354, 386, 20, 13, 98, 11, 5, 2078, 409, 93, 4]
[20, 0, 0, 0, 0, 0, 0, 0, 0, 0, 0, 0, 0, 0, 0, 0, 0, 0, 0, 0, 0, 0, 0, 0, 0, 0, 0, 0, 0, 0, 0, 0, 0, 0, 0, 0, 0, 0, 0, 0, 0, 0, 0, 0, 0, 0, 0, 0, 0, 0, 0]_[28, 119, 14, 11, 202, 1354, 386, 0, 0, 0, 0, 0, 0, 0, 0, 0, 0, 0, 0, 0, 0, 0, 0, 0, 0, 0, 0, 0, 0, 0, 0, 0, 0, 0, 0, 0, 0, 0, 0, 0, 0, 0, 0, 0, 0, 0, 0, 0, 0, 0, 0]_[312, 67, 1143, 1144, 66, 28, 119, 14, 11, 619, 19, 170, 6, 33, 0, 0, 0, 0, 0, 0, 0, 0, 0, 0, 0, 0, 0, 0, 0, 0, 0, 0, 0, 0, 0, 0, 0, 0, 0, 0, 0, 0, 0, 0, 0, 0, 0, 0, 0, 0, 0]_[6, 135, 3, 5, 22, 4519, 31, 4845, 11, 845, 7, 3570, 26, 1885, 4843, 12, 3570, 26, 1885, 4842, 34, 58, 4844, 2377, 9, 12, 2, 508, 7, 1306, 408, 2715, 13, 3570, 26, 1885, 4842, 19, 1228, 0, 0, 0, 0, 0, 0, 0, 0, 0, 0, 0, 0]_[20, 0, 0, 0, 0, 0, 0, 0, 0, 0, 0, 0, 0, 0, 0, 0, 0, 0, 0, 0, 0, 0, 0, 0, 0, 0, 0, 0, 0, 0, 0, 0, 0, 0, 0, 0, 0, 0, 0, 0, 0, 0, 0, 0, 0, 0, 0, 0, 0, 0, 0]_[28, 119, 14, 11, 202, 1354, 386, 0, 0, 0, 0, 0, 0, 0, 0, 0, 0, 0, 0, 0, 0, 0, 0, 0, 0, 0, 0, 0, 0, 0, 0, 0, 0, 0, 0, 0, 0, 0, 0, 0, 0, 0, 0, 0, 0, 0, 0, 0, 0, 0, 0]_[41, 77, 29, 716, 6, 38, 422, 18, 312, 67, 6, 164, 28, 119, 14, 11, 9, 55, 29, 759, 31, 28, 119, 14, 11, 5, 10, 8, 157, 0, 0, 0, 0, 0, 0, 0, 0, 0, 0, 0, 0, 0, 0, 0, 0, 0, 0, 0, 0, 0, 0]_[6, 135, 3, 5, 22, 4519, 31, 4845, 11, 845, 7, 3570, 26, 1885, 4843, 12, 3570, 26, 1885, 4842, 34, 58, 4844, 2377, 9, 12, 2, 508, 7, 1306, 408, 2715, 13, 3570, 26, 1885, 4842, 19, 1228, 0, 0, 0, 0, 0, 0, 0, 0, 0, 0, 0, 0]_[28, 119, 14, 11, 202, 1354, 386, 11, 719, 3, 29, 719]_[28, 119, 14, 11, 202, 1354, 386, 760, 7, 2, 805, 23, 12, 2, 3603, 1141, 77, 847, 6, 301, 54, 938, 245, 10, 293]_[28, 119, 14, 11, 202, 1354, 386]_[12, 28, 119, 14, 11, 202, 1354, 386, 467, 91, 83, 312, 67, 19, 1647, 18, 8, 2402, 10, 2, 245, 7, 301, 54, 104, 4962, 1510, 18, 8, 193, 164]
[21, 164, 13, 176, 20, 0, 0, 0, 0, 0, 0, 0, 0, 0, 0, 0, 0, 0, 0, 0, 0, 0, 0, 0, 0, 0, 0, 0, 0, 0, 0, 0, 0, 0, 0, 0, 0, 0, 0, 0, 0, 0, 0, 0, 0, 0, 0, 0, 0, 0, 0]_[28, 119, 14, 11, 202, 1354, 386, 0, 0, 0, 0, 0, 0, 0, 0, 0, 0, 0, 0, 0, 0, 0, 0, 0, 0, 0, 0, 0, 0, 0, 0, 0, 0, 0, 0, 0, 0, 0, 0, 0, 0, 0, 0, 0, 0, 0, 0, 0, 0, 0, 0]_[8, 221, 42, 410, 2080, 7, 96, 36, 28, 119, 14, 11, 10, 472, 1141, 17, 227, 26, 178, 518, 1358, 1142, 51, 33, 8, 5, 3604, 3605, 0, 0, 0, 0, 0, 0, 0, 0, 0, 0, 0, 0, 0, 0, 0, 0, 0, 0, 0, 0, 0, 0, 0]_[6, 135, 3, 5, 22, 4519, 31, 4845, 11, 845, 7, 3570, 26, 1885, 4843, 12, 3570, 26, 1885, 4842, 34, 58, 4844, 2377, 9, 12, 2, 508, 7, 1306, 408, 2715, 13, 3570, 26, 1885, 4842, 19, 1228, 0, 0, 0, 0, 0, 0, 0, 0, 0, 0, 0, 0]_[20, 0, 0, 0, 0, 0, 0, 0, 0, 0, 0, 0, 0, 0, 0, 0, 0, 0, 0, 0, 0, 0, 0, 0, 0, 0, 0, 0, 0, 0, 0, 0, 0, 0, 0, 0, 0, 0, 0, 0, 0, 0, 0, 0, 0, 0, 0, 0, 0, 0, 0]_[28, 119, 14, 11, 202, 1354, 386, 0, 0, 0, 0, 0, 0, 0, 0, 0, 0, 0, 0, 0, 0, 0, 0, 0, 0, 0, 0, 0, 0, 0, 0, 0, 0, 0, 0, 0, 0, 0, 0, 0, 0, 0, 0, 0, 0, 0, 0, 0, 0, 0, 0]_[41, 77, 29, 716, 6, 38, 422, 18, 312, 67, 6, 164, 28, 119, 14, 11, 9, 55, 29, 759, 31, 28, 119, 14, 11, 5, 10, 8, 157, 0, 0, 0, 0, 0, 0, 0, 0, 0, 0, 0, 0, 0, 0, 0, 0, 0, 0, 0, 0, 0, 0]_[6, 135, 3, 5, 22, 4519, 31, 4845, 11, 845, 7, 3570, 26, 1885, 4843, 12, 3570, 26, 1885, 4842, 34, 58, 4844, 2377, 9, 12, 2, 508, 7, 1306, 408, 2715, 13, 3570, 26, 1885, 4842, 19, 1228, 0, 0, 0, 0, 0, 0, 0, 0, 0, 0, 0, 0]_[28, 119, 14, 11, 202, 1354, 386, 181, 46, 260, 593, 60]_[301, 28, 119, 14, 11, 301, 54]_[28, 119, 14, 11, 202, 1354, 386]_[41, 77, 29, 716, 6, 38, 422, 18, 312, 67, 6, 164, 28, 119, 14, 11, 9, 55, 29, 759, 31, 28, 119, 14, 11, 5, 10, 8, 157]
[21, 164, 13, 176, 20, 0, 0, 0, 0, 0, 0, 0, 0, 0, 0, 0, 0, 0, 0, 0, 0, 0, 0, 0, 0, 0, 0, 0, 0, 0, 0, 0, 0, 0, 0, 0, 0, 0, 0, 0, 0, 0, 0, 0, 0, 0, 0, 0, 0, 0, 0]_[28, 119, 14, 11, 202, 1354, 386, 0, 0, 0, 0, 0, 0, 0, 0, 0, 0, 0, 0, 0, 0, 0, 0, 0, 0, 0, 0, 0, 0, 0, 0, 0, 0, 0, 0, 0, 0, 0, 0, 0, 0, 0, 0, 0, 0, 0, 0, 0, 0, 0, 0]_[8, 221, 42, 410, 2080, 7, 96, 36, 28, 119, 14, 11, 10, 472, 1141, 17, 227, 26, 178, 518, 1358, 1142, 51, 33, 8, 5, 3604, 3605, 0, 0, 0, 0, 0, 0, 0, 0, 0, 0, 0, 0, 0, 0, 0, 0, 0, 0, 0, 0, 0, 0, 0]_[6, 135, 3, 5, 22, 4519, 31, 4845, 11, 845, 7, 3570, 26, 1885, 4843, 12, 3570, 26, 1885, 4842, 34, 58, 4844, 2377, 9, 12, 2, 508, 7, 1306, 408, 2715, 13, 3570, 26, 1885, 4842, 19, 1228, 0, 0, 0, 0, 0, 0, 0, 0, 0, 0, 0, 0]_[20, 0, 0, 0, 0, 0, 0, 0, 0, 0, 0, 0, 0, 0, 0, 0, 0, 0, 0, 0, 0, 0, 0, 0, 0, 0, 0, 0, 0, 0, 0, 0, 0, 0, 0, 0, 0, 0, 0, 0, 0, 0, 0, 0, 0, 0, 0, 0, 0, 0, 0]_[28, 119, 14, 11, 202, 1354, 386, 0, 0, 0, 0, 0, 0, 0, 0, 0, 0, 0, 0, 0, 0, 0, 0, 0, 0, 0, 0, 0, 0, 0, 0, 0, 0, 0, 0, 0, 0, 0, 0, 0, 0, 0, 0, 0, 0, 0, 0, 0, 0, 0, 0]_[312, 67, 1143, 1144, 66, 28, 119, 14, 11, 619, 19, 170, 6, 33, 0, 0, 0, 0, 0, 0, 0, 0, 0, 0, 0, 0, 0, 0, 0, 0, 0, 0, 0, 0, 0, 0, 0, 0, 0, 0, 0, 0, 0, 0, 0, 0, 0, 0, 0, 0, 0]_[6, 135, 3, 5, 22, 4519, 31, 4845, 11, 845, 7, 3570, 26, 1885, 4843, 12, 3570, 26, 1885, 4842, 34, 58, 4844, 2377, 9, 12, 2, 508, 7, 1306, 408, 2715, 13, 3570, 26, 1885, 4842, 19, 1228, 0, 0, 0, 0, 0, 0, 0, 0, 0, 0, 0, 0]_[21, 164, 13, 176, 20]_[2, 109, 43, 2063, 1549, 36, 96, 905, 457, 11, 234, 6, 4608]_[4965]_[28, 119, 14, 11, 202, 1354, 386]
[20, 0, 0, 0, 0, 0, 0, 0, 0, 0, 0, 0, 0, 0, 0, 0, 0, 0, 0, 0, 0, 0, 0, 0, 0, 0, 0, 0, 0, 0, 0, 0, 0, 0, 0, 0, 0, 0, 0, 0, 0, 0, 0, 0, 0, 0, 0, 0, 0, 0, 0]_[28, 119, 14, 11, 202, 1354, 386, 0, 0, 0, 0, 0, 0, 0, 0, 0, 0, 0, 0, 0, 0, 0, 0, 0, 0, 0, 0, 0, 0, 0, 0, 0, 0, 0, 0, 0, 0, 0, 0, 0, 0, 0, 0, 0, 0, 0, 0, 0, 0, 0, 0]_[28, 119, 14, 11, 202, 1354, 386, 760, 7, 2, 805, 23, 12, 2, 3603, 1141, 77, 847, 6, 301, 54, 938, 245, 10, 293, 0, 0, 0, 0, 0, 0, 0, 0, 0, 0, 0, 0, 0, 0, 0, 0, 0, 0, 0, 0, 0, 0, 0, 0, 0, 0]_[6, 135, 3, 5, 22, 4519, 31, 4845, 11, 845, 7, 3570, 26, 1885, 4843, 12, 3570, 26, 1885, 4842, 34, 58, 4844, 2377, 9, 12, 2, 508, 7, 1306, 408, 2715, 13, 3570, 26, 1885, 4842, 19, 1228, 0, 0, 0, 0, 0, 0, 0, 0, 0, 0, 0, 0]_[20, 0, 0, 0, 0, 0, 0, 0, 0, 0, 0, 0, 0, 0, 0, 0, 0, 0, 0, 0, 0, 0, 0, 0, 0, 0, 0, 0, 0, 0, 0, 0, 0, 0, 0, 0, 0, 0, 0, 0, 0, 0, 0, 0, 0, 0, 0, 0, 0, 0, 0]_[28, 119, 14, 11, 202, 1354, 386, 0, 0, 0, 0, 0, 0, 0, 0, 0, 0, 0, 0, 0, 0, 0, 0, 0, 0, 0, 0, 0, 0, 0, 0, 0, 0, 0, 0, 0, 0, 0, 0, 0, 0, 0, 0, 0, 0, 0, 0, 0, 0, 0, 0]_[28, 119, 14, 11, 202, 1354, 386, 112, 2, 3603, 1141, 592, 70, 2, 3603, 1141, 468, 3, 2, 3603, 1141, 211, 170, 6, 33, 4963, 3, 5, 28, 119, 14, 11, 202, 1354, 386, 20, 3, 717, 12, 5, 22, 181, 46, 27, 593, 6, 57, 17, 98, 11, 4]_[6, 135, 3, 5, 22, 4519, 31, 4845, 11, 845, 7, 3570, 26, 1885, 4843, 12, 3570, 26, 1885, 4842, 34, 58, 4844, 2377, 9, 12, 2, 508, 7, 1306, 408, 2715, 13, 3570, 26, 1885, 4842, 19, 1228, 0, 0, 0, 0, 0, 0, 0, 0, 0, 0, 0, 0]_[6, 38, 164, 17, 2, 91, 83, 239]_[2, 109, 43, 2063, 1549, 36, 96, 905, 457, 11, 234, 6, 4608]_[28, 119, 14, 11, 202, 1354, 386]_[28, 119, 14, 11, 202, 1354, 386]
[20, 0, 0, 0, 0, 0, 0, 0, 0, 0, 0, 0, 0, 0, 0, 0, 0, 0, 0, 0, 0, 0, 0, 0, 0, 0, 0, 0, 0, 0, 0, 0, 0, 0, 0, 0, 0, 0, 0, 0, 0, 0, 0, 0, 0, 0, 0, 0, 0, 0, 0]_[28, 119, 14, 11, 202, 1354, 386, 0, 0, 0, 0, 0, 0, 0, 0, 0, 0, 0, 0, 0, 0, 0, 0, 0, 0, 0, 0, 0, 0, 0, 0, 0, 0, 0, 0, 0, 0, 0, 0, 0, 0, 0, 0, 0, 0, 0, 0, 0, 0, 0, 0]_[28, 119, 14, 11, 202, 1354, 386, 112, 41, 211, 1647, 18, 2, 301, 54, 146, 3, 5, 28, 119, 14, 11, 202, 1354, 386, 20, 13, 98, 11, 5, 2078, 409, 93, 4, 0, 0, 0, 0, 0, 0, 0, 0, 0, 0, 0, 0, 0, 0, 0, 0, 0]_[6, 135, 3, 5, 22, 4519, 31, 4845, 11, 845, 7, 3570, 26, 1885, 4843, 12, 3570, 26, 1885, 4842, 34, 58, 4844, 2377, 9, 12, 2, 508, 7, 1306, 408, 2715, 13, 3570, 26, 1885, 4842, 19, 1228, 0, 0, 0, 0, 0, 0, 0, 0, 0, 0, 0, 0]_[20, 0, 0, 0, 0, 0, 0, 0, 0, 0, 0, 0, 0, 0, 0, 0, 0, 0, 0, 0, 0, 0, 0, 0, 0, 0, 0, 0, 0, 0, 0, 0, 0, 0, 0, 0, 0, 0, 0, 0, 0, 0, 0, 0, 0, 0, 0, 0, 0, 0, 0]_[28, 119, 14, 11, 202, 1354, 386, 0, 0, 0, 0, 0, 0, 0, 0, 0, 0, 0, 0, 0, 0, 0, 0, 0, 0, 0, 0, 0, 0, 0, 0, 0, 0, 0, 0, 0, 0, 0, 0, 0, 0, 0, 0, 0, 0, 0, 0, 0, 0, 0, 0]_[28, 119, 14, 11, 202, 1354, 386, 112, 2, 3603, 1141, 592, 70, 2, 3603, 1141, 468, 3, 2, 3603, 1141, 211, 170, 6, 33, 4963, 3, 5, 28, 119, 14, 11, 202, 1354, 386, 20, 3, 717, 12, 5, 22, 181, 46, 27, 593, 6, 57, 17, 98, 11, 4]_[6, 135, 3, 5, 22, 4519, 31, 4845, 11, 845, 7, 3570, 26, 1885, 4843, 12, 3570, 26, 1885, 4842, 34, 58, 4844, 2377, 9, 12, 2, 508, 7, 1306, 408, 2715, 13, 3570, 26, 1885, 4842, 19, 1228, 0, 0, 0, 0, 0, 0, 0, 0, 0, 0, 0, 0]_[28, 119, 14, 11, 202, 1354, 386, 112, 41, 211, 1647, 18, 2, 301, 54, 146, 3, 5, 28, 119, 14, 11, 202, 1354, 386, 20, 13, 98, 11, 5, 2078, 409, 93, 4]_[28, 119, 14, 11, 202, 1354, 386]_[12, 28, 119, 14, 11, 202, 1354, 386, 467, 91, 83, 312, 67, 19, 1647, 18, 8, 2402, 10, 2, 245, 7, 301, 54, 104, 4962, 1510, 18, 8, 193, 164]_[12, 28, 119, 14, 11, 202, 1354, 386, 467, 91, 83, 312, 67, 19, 1647, 18, 8, 2402, 10, 2, 245, 7, 301, 54, 104, 4962, 1510, 18, 8, 193, 164]
[135, 0, 0, 0, 0, 0, 0, 0, 0, 0, 0, 0, 0, 0, 0, 0, 0, 0, 0, 0, 0, 0, 0, 0, 0, 0, 0, 0, 0, 0, 0, 0, 0, 0, 0, 0, 0, 0, 0, 0, 0, 0, 0, 0, 0, 0, 0, 0, 0, 0, 0]_[45, 3, 16, 3, 0, 0, 0, 0, 0, 0, 0, 0, 0, 0, 0, 0, 0, 0, 0, 0, 0, 0, 0, 0, 0, 0, 0, 0, 0, 0, 0, 0, 0, 0, 0, 0, 0, 0, 0, 0, 0, 0, 0, 0, 0, 0, 0, 0, 0, 0, 0]_[12, 70, 45, 3, 16, 3, 703, 8, 87, 13, 109, 43, 3, 45, 3, 16, 3, 51, 3888, 109, 43, 1324, 17, 901, 6, 801, 0, 0, 0, 0, 0, 0, 0, 0, 0, 0, 0, 0, 0, 0, 0, 0, 0, 0, 0, 0, 0, 0, 0, 0, 0]_[6, 135, 3, 5, 22, 4519, 31, 4845, 11, 845, 7, 3570, 26, 1885, 4843, 12, 3570, 26, 1885, 4842, 34, 58, 4844, 2377, 9, 12, 2, 508, 7, 1306, 408, 2715, 13, 3570, 26, 1885, 4842, 19, 1228, 0, 0, 0, 0, 0, 0, 0, 0, 0, 0, 0, 0]_[1625, 0, 0, 0, 0, 0, 0, 0, 0, 0, 0, 0, 0, 0, 0, 0, 0, 0, 0, 0, 0, 0, 0, 0, 0, 0, 0, 0, 0, 0, 0, 0, 0, 0, 0, 0, 0, 0, 0, 0, 0, 0, 0, 0, 0, 0, 0, 0, 0, 0, 0]_[6, 135, 3, 5, 22, 4519, 31, 4845, 11, 845, 7, 3570, 26, 1885, 4843, 12, 3570, 26, 1885, 4842, 34, 58, 4844, 2377, 9, 12, 2, 508, 7, 1306, 408, 2715, 13, 3570, 26, 1885, 4842, 19, 1228, 0, 0, 0, 0, 0, 0, 0, 0, 0, 0, 0, 0]_[8, 3631, 24, 8, 4565, 7, 3163, 534, 1737, 36, 2, 1838, 845, 502, 158, 2, 45, 3, 16, 3, 128, 0, 0, 0, 0, 0, 0, 0, 0, 0, 0, 0, 0, 0, 0, 0, 0, 0, 0, 0, 0, 0, 0, 0, 0, 0, 0, 0, 0, 0, 0]_[6, 135, 3, 5, 22, 4519, 31, 4845, 11, 845, 7, 3570, 26, 1885, 4843, 12, 3570, 26, 1885, 4842, 34, 58, 4844, 2377, 9, 12, 2, 508, 7, 1306, 408, 2715, 13, 3570, 26, 1885, 4842, 19, 1228, 0, 0, 0, 0, 0, 0, 0, 0, 0, 0, 0, 0]_[28, 119, 14, 11, 202, 1354, 386]_[28, 119, 14, 11]_[8, 221, 42, 410, 2080, 7, 96, 36, 28, 119, 14, 11, 10, 472, 1141, 17, 227, 26, 178, 518, 1358, 1142, 51, 33, 8, 5, 3604, 3605]_[28, 119, 14, 11, 202, 1354, 386]
[135, 0, 0, 0, 0, 0, 0, 0, 0, 0, 0, 0, 0, 0, 0, 0, 0, 0, 0, 0, 0, 0, 0, 0, 0, 0, 0, 0, 0, 0, 0, 0, 0, 0, 0, 0, 0, 0, 0, 0, 0, 0, 0, 0, 0, 0, 0, 0, 0, 0, 0]_[45, 3, 16, 3, 0, 0, 0, 0, 0, 0, 0, 0, 0, 0, 0, 0, 0, 0, 0, 0, 0, 0, 0, 0, 0, 0, 0, 0, 0, 0, 0, 0, 0, 0, 0, 0, 0, 0, 0, 0, 0, 0, 0, 0, 0, 0, 0, 0, 0, 0, 0]_[12, 70, 45, 3, 16, 3, 703, 8, 87, 13, 109, 43, 3, 45, 3, 16, 3, 51, 3888, 109, 43, 1324, 17, 901, 6, 801, 0, 0, 0, 0, 0, 0, 0, 0, 0, 0, 0, 0, 0, 0, 0, 0, 0, 0, 0, 0, 0, 0, 0, 0, 0]_[6, 135, 3, 5, 22, 4519, 31, 4845, 11, 845, 7, 3570, 26, 1885, 4843, 12, 3570, 26, 1885, 4842, 34, 58, 4844, 2377, 9, 12, 2, 508, 7, 1306, 408, 2715, 13, 3570, 26, 1885, 4842, 19, 1228, 0, 0, 0, 0, 0, 0, 0, 0, 0, 0, 0, 0]_[2124, 0, 0, 0, 0, 0, 0, 0, 0, 0, 0, 0, 0, 0, 0, 0, 0, 0, 0, 0, 0, 0, 0, 0, 0, 0, 0, 0, 0, 0, 0, 0, 0, 0, 0, 0, 0, 0, 0, 0, 0, 0, 0, 0, 0, 0, 0, 0, 0, 0, 0]_[6, 135, 3, 5, 22, 4519, 31, 4845, 11, 845, 7, 3570, 26, 1885, 4843, 12, 3570, 26, 1885, 4842, 34, 58, 4844, 2377, 9, 12, 2, 508, 7, 1306, 408, 2715, 13, 3570, 26, 1885, 4842, 19, 1228, 0, 0, 0, 0, 0, 0, 0, 0, 0, 0, 0, 0]_[2, 109, 43, 2063, 1549, 36, 96, 905, 457, 11, 234, 6, 4608, 0, 0, 0, 0, 0, 0, 0, 0, 0, 0, 0, 0, 0, 0, 0, 0, 0, 0, 0, 0, 0, 0, 0, 0, 0, 0, 0, 0, 0, 0, 0, 0, 0, 0, 0, 0, 0, 0]_[6, 135, 3, 5, 22, 4519, 31, 4845, 11, 845, 7, 3570, 26, 1885, 4843, 12, 3570, 26, 1885, 4842, 34, 58, 4844, 2377, 9, 12, 2, 508, 7, 1306, 408, 2715, 13, 3570, 26, 1885, 4842, 19, 1228, 0, 0, 0, 0, 0, 0, 0, 0, 0, 0, 0, 0]_[8, 221, 42, 410, 2080, 7, 96, 36, 28, 119, 14, 11, 10, 472, 1141, 17, 227, 26, 178, 518, 1358, 1142, 51, 33, 8, 5, 3604, 3605]_[301, 28, 119, 14, 11, 301, 54]_[28, 119, 14, 11, 202, 1354, 386]_[28, 119, 14, 11, 202, 1354, 386]
[135, 0, 0, 0, 0, 0, 0, 0, 0, 0, 0, 0, 0, 0, 0, 0, 0, 0, 0, 0, 0, 0, 0, 0, 0, 0, 0, 0, 0, 0, 0, 0, 0, 0, 0, 0, 0, 0, 0, 0, 0, 0, 0, 0, 0, 0, 0, 0, 0, 0, 0]_[45, 3, 16, 3, 0, 0, 0, 0, 0, 0, 0, 0, 0, 0, 0, 0, 0, 0, 0, 0, 0, 0, 0, 0, 0, 0, 0, 0, 0, 0, 0, 0, 0, 0, 0, 0, 0, 0, 0, 0, 0, 0, 0, 0, 0, 0, 0, 0, 0, 0, 0]_[12, 70, 45, 3, 16, 3, 703, 8, 87, 13, 109, 43, 3, 45, 3, 16, 3, 51, 3888, 109, 43, 1324, 17, 901, 6, 801, 0, 0, 0, 0, 0, 0, 0, 0, 0, 0, 0, 0, 0, 0, 0, 0, 0, 0, 0, 0, 0, 0, 0, 0, 0]_[6, 135, 3, 5, 22, 4519, 31, 4845, 11, 845, 7, 3570, 26, 1885, 4843, 12, 3570, 26, 1885, 4842, 34, 58, 4844, 2377, 9, 12, 2, 508, 7, 1306, 408, 2715, 13, 3570, 26, 1885, 4842, 19, 1228, 0, 0, 0, 0, 0, 0, 0, 0, 0, 0, 0, 0]_[257, 0, 0, 0, 0, 0, 0, 0, 0, 0, 0, 0, 0, 0, 0, 0, 0, 0, 0, 0, 0, 0, 0, 0, 0, 0, 0, 0, 0, 0, 0, 0, 0, 0, 0, 0, 0, 0, 0, 0, 0, 0, 0, 0, 0, 0, 0, 0, 0, 0, 0]_[45, 3, 16, 3, 0, 0, 0, 0, 0, 0, 0, 0, 0, 0, 0, 0, 0, 0, 0, 0, 0, 0, 0, 0, 0, 0, 0, 0, 0, 0, 0, 0, 0, 0, 0, 0, 0, 0, 0, 0, 0, 0, 0, 0, 0, 0, 0, 0, 0, 0, 0]_[109, 43, 30, 462, 12, 5, 2, 111, 30, 3448, 546, 10, 3449, 3450, 655, 3, 1029, 2, 774, 546, 7, 8, 1505, 3, 9, 3451, 31, 2378, 385, 0, 0, 0, 0, 0, 0, 0, 0, 0, 0, 0, 0, 0, 0, 0, 0, 0, 0, 0, 0, 0, 0]_[6, 135, 3, 5, 22, 4519, 31, 4845, 11, 845, 7, 3570, 26, 1885, 4843, 12, 3570, 26, 1885, 4842, 34, 58, 4844, 2377, 9, 12, 2, 508, 7, 1306, 408, 2715, 13, 3570, 26, 1885, 4842, 19, 1228, 0, 0, 0, 0, 0, 0, 0, 0, 0, 0, 0, 0]_[28, 119, 14, 11, 202, 1354, 386]_[28, 119, 14, 11, 202, 1354, 386]_[8, 221, 42, 410, 2080, 7, 96, 36, 28, 119, 14, 11, 10, 472, 1141, 17, 227, 26, 178, 518, 1358, 1142, 51, 33, 8, 5, 3604, 3605]_[20]
[135, 0, 0, 0, 0, 0, 0, 0, 0, 0, 0, 0, 0, 0, 0, 0, 0, 0, 0, 0, 0, 0, 0, 0, 0, 0, 0, 0, 0, 0, 0, 0, 0, 0, 0, 0, 0, 0, 0, 0, 0, 0, 0, 0, 0, 0, 0, 0, 0, 0, 0]_[45, 3, 16, 3, 0, 0, 0, 0, 0, 0, 0, 0, 0, 0, 0, 0, 0, 0, 0, 0, 0, 0, 0, 0, 0, 0, 0, 0, 0, 0, 0, 0, 0, 0, 0, 0, 0, 0, 0, 0, 0, 0, 0, 0, 0, 0, 0, 0, 0, 0, 0]_[12, 70, 45, 3, 16, 3, 703, 8, 87, 13, 109, 43, 3, 45, 3, 16, 3, 51, 3888, 109, 43, 1324, 17, 901, 6, 801, 0, 0, 0, 0, 0, 0, 0, 0, 0, 0, 0, 0, 0, 0, 0, 0, 0, 0, 0, 0, 0, 0, 0, 0, 0]_[6, 135, 3, 5, 22, 4519, 31, 4845, 11, 845, 7, 3570, 26, 1885, 4843, 12, 3570, 26, 1885, 4842, 34, 58, 4844, 2377, 9, 12, 2, 508, 7, 1306, 408, 2715, 13, 3570, 26, 1885, 4842, 19, 1228, 0, 0, 0, 0, 0, 0, 0, 0, 0, 0, 0, 0]_[257, 0, 0, 0, 0, 0, 0, 0, 0, 0, 0, 0, 0, 0, 0, 0, 0, 0, 0, 0, 0, 0, 0, 0, 0, 0, 0, 0, 0, 0, 0, 0, 0, 0, 0, 0, 0, 0, 0, 0, 0, 0, 0, 0, 0, 0, 0, 0, 0, 0, 0]_[45, 3, 16, 3, 0, 0, 0, 0, 0, 0, 0, 0, 0, 0, 0, 0, 0, 0, 0, 0, 0, 0, 0, 0, 0, 0, 0, 0, 0, 0, 0, 0, 0, 0, 0, 0, 0, 0, 0, 0, 0, 0, 0, 0, 0, 0, 0, 0, 0, 0, 0]_[12, 109, 43, 30, 5, 462, 12, 2, 111, 116, 873, 160, 546, 118, 247, 24, 2, 111, 181, 29, 1841, 38, 7680, 825, 13, 8, 878, 700, 38, 385, 0, 0, 0, 0, 0, 0, 0, 0, 0, 0, 0, 0, 0, 0, 0, 0, 0, 0, 0, 0, 0]_[6, 135, 3, 5, 22, 4519, 31, 4845, 11, 845, 7, 3570, 26, 1885, 4843, 12, 3570, 26, 1885, 4842, 34, 58, 4844, 2377, 9, 12, 2, 508, 7, 1306, 408, 2715, 13, 3570, 26, 1885, 4842, 19, 1228, 0, 0, 0, 0, 0, 0, 0, 0, 0, 0, 0, 0]_[12, 28, 119, 14, 11, 202, 1354, 386, 467, 91, 83, 312, 67, 19, 1647, 18, 8, 2402, 10, 2, 245, 7, 301, 54, 104, 4962, 1510, 18, 8, 193, 164]_[28, 119, 14, 11, 202, 1354, 386]_[21, 164, 13, 176, 20]_[28, 119, 14, 11, 202, 1354, 386, 112, 41, 211, 1647, 18, 2, 301, 54, 146, 3, 5, 28, 119, 14, 11, 202, 1354, 386, 20, 13, 98, 11, 5, 2078, 409, 93, 4]
[135, 0, 0, 0, 0, 0, 0, 0, 0, 0, 0, 0, 0, 0, 0, 0, 0, 0, 0, 0, 0, 0, 0, 0, 0, 0, 0, 0, 0, 0, 0, 0, 0, 0, 0, 0, 0, 0, 0, 0, 0, 0, 0, 0, 0, 0, 0, 0, 0, 0, 0]_[45, 3, 16, 3, 0, 0, 0, 0, 0, 0, 0, 0, 0, 0, 0, 0, 0, 0, 0, 0, 0, 0, 0, 0, 0, 0, 0, 0, 0, 0, 0, 0, 0, 0, 0, 0, 0, 0, 0, 0, 0, 0, 0, 0, 0, 0, 0, 0, 0, 0, 0]_[12, 70, 45, 3, 16, 3, 703, 8, 87, 13, 109, 43, 3, 45, 3, 16, 3, 51, 3888, 109, 43, 1324, 17, 901, 6, 801, 0, 0, 0, 0, 0, 0, 0, 0, 0, 0, 0, 0, 0, 0, 0, 0, 0, 0, 0, 0, 0, 0, 0, 0, 0]_[6, 135, 3, 5, 22, 4519, 31, 4845, 11, 845, 7, 3570, 26, 1885, 4843, 12, 3570, 26, 1885, 4842, 34, 58, 4844, 2377, 9, 12, 2, 508, 7, 1306, 408, 2715, 13, 3570, 26, 1885, 4842, 19, 1228, 0, 0, 0, 0, 0, 0, 0, 0, 0, 0, 0, 0]_[257, 0, 0, 0, 0, 0, 0, 0, 0, 0, 0, 0, 0, 0, 0, 0, 0, 0, 0, 0, 0, 0, 0, 0, 0, 0, 0, 0, 0, 0, 0, 0, 0, 0, 0, 0, 0, 0, 0, 0, 0, 0, 0, 0, 0, 0, 0, 0, 0, 0, 0]_[45, 3, 16, 3, 0, 0, 0, 0, 0, 0, 0, 0, 0, 0, 0, 0, 0, 0, 0, 0, 0, 0, 0, 0, 0, 0, 0, 0, 0, 0, 0, 0, 0, 0, 0, 0, 0, 0, 0, 0, 0, 0, 0, 0, 0, 0, 0, 0, 0, 0, 0]_[21, 109, 43, 109, 43, 1324, 5, 1044, 2, 111, 2, 111, 30, 8, 2529, 653, 10, 2378, 494, 6, 4586, 18, 2, 2, 798, 1278, 62, 0, 0, 0, 0, 0, 0, 0, 0, 0, 0, 0, 0, 0, 0, 0, 0, 0, 0, 0, 0, 0, 0, 0, 0]_[6, 135, 3, 5, 22, 4519, 31, 4845, 11, 845, 7, 3570, 26, 1885, 4843, 12, 3570, 26, 1885, 4842, 34, 58, 4844, 2377, 9, 12, 2, 508, 7, 1306, 408, 2715, 13, 3570, 26, 1885, 4842, 19, 1228, 0, 0, 0, 0, 0, 0, 0, 0, 0, 0, 0, 0]_[28, 119, 14, 11, 202, 1354, 386]_[28, 119, 14, 11, 202, 1354, 386, 112, 2, 3603, 1141, 592, 70, 2, 3603, 1141, 468, 3, 2, 3603, 1141, 211, 170, 6, 33, 4963, 3, 5, 28, 119, 14, 11, 202, 1354, 386, 20, 3, 717, 12, 5, 22, 181, 46, 27, 593, 6, 57, 17, 98, 11, 4]_[28, 119, 14, 11, 202, 1354, 386]_[28, 119, 14, 11, 202, 1354, 386]
[135, 0, 0, 0, 0, 0, 0, 0, 0, 0, 0, 0, 0, 0, 0, 0, 0, 0, 0, 0, 0, 0, 0, 0, 0, 0, 0, 0, 0, 0, 0, 0, 0, 0, 0, 0, 0, 0, 0, 0, 0, 0, 0, 0, 0, 0, 0, 0, 0, 0, 0]_[45, 3, 16, 3, 0, 0, 0, 0, 0, 0, 0, 0, 0, 0, 0, 0, 0, 0, 0, 0, 0, 0, 0, 0, 0, 0, 0, 0, 0, 0, 0, 0, 0, 0, 0, 0, 0, 0, 0, 0, 0, 0, 0, 0, 0, 0, 0, 0, 0, 0, 0]_[12, 70, 45, 3, 16, 3, 703, 8, 87, 13, 109, 43, 3, 45, 3, 16, 3, 51, 3888, 109, 43, 1324, 17, 901, 6, 801, 0, 0, 0, 0, 0, 0, 0, 0, 0, 0, 0, 0, 0, 0, 0, 0, 0, 0, 0, 0, 0, 0, 0, 0, 0]_[6, 135, 3, 5, 22, 4519, 31, 4845, 11, 845, 7, 3570, 26, 1885, 4843, 12, 3570, 26, 1885, 4842, 34, 58, 4844, 2377, 9, 12, 2, 508, 7, 1306, 408, 2715, 13, 3570, 26, 1885, 4842, 19, 1228, 0, 0, 0, 0, 0, 0, 0, 0, 0, 0, 0, 0]_[257, 0, 0, 0, 0, 0, 0, 0, 0, 0, 0, 0, 0, 0, 0, 0, 0, 0, 0, 0, 0, 0, 0, 0, 0, 0, 0, 0, 0, 0, 0, 0, 0, 0, 0, 0, 0, 0, 0, 0, 0, 0, 0, 0, 0, 0, 0, 0, 0, 0, 0]_[45, 3, 16, 3, 0, 0, 0, 0, 0, 0, 0, 0, 0, 0, 0, 0, 0, 0, 0, 0, 0, 0, 0, 0, 0, 0, 0, 0, 0, 0, 0, 0, 0, 0, 0, 0, 0, 0, 0, 0, 0, 0, 0, 0, 0, 0, 0, 0, 0, 0, 0]_[12, 109, 43, 55, 602, 5, 462, 12, 4843, 35, 2, 3424, 310, 7, 72, 350, 34, 3570, 26, 1885, 35, 34, 4844, 2377, 149, 4843, 35, 2, 3424, 310, 7, 72, 350, 27, 29, 7697, 53, 7698, 9, 34, 10, 982, 486, 36, 107, 26, 7699, 1492, 0, 0, 0]_[6, 135, 3, 5, 22, 4519, 31, 4845, 11, 845, 7, 3570, 26, 1885, 4843, 12, 3570, 26, 1885, 4842, 34, 58, 4844, 2377, 9, 12, 2, 508, 7, 1306, 408, 2715, 13, 3570, 26, 1885, 4842, 19, 1228, 0, 0, 0, 0, 0, 0, 0, 0, 0, 0, 0, 0]_[302]_[28, 119, 14, 11]_[289]_[20]
[922, 0, 0, 0, 0, 0, 0, 0, 0, 0, 0, 0, 0, 0, 0, 0, 0, 0, 0, 0, 0, 0, 0, 0, 0, 0, 0, 0, 0, 0, 0, 0, 0, 0, 0, 0, 0, 0, 0, 0, 0, 0, 0, 0, 0, 0, 0, 0, 0, 0, 0]_[403, 6, 2, 331, 408, 25, 0, 0, 0, 0, 0, 0, 0, 0, 0, 0, 0, 0, 0, 0, 0, 0, 0, 0, 0, 0, 0, 0, 0, 0, 0, 0, 0, 0, 0, 0, 0, 0, 0, 0, 0, 0, 0, 0, 0, 0, 0, 0, 0, 0, 0]_[801, 465, 988, 0, 0, 0, 0, 0, 0, 0, 0, 0, 0, 0, 0, 0, 0, 0, 0, 0, 0, 0, 0, 0, 0, 0, 0, 0, 0, 0, 0, 0, 0, 0, 0, 0, 0, 0, 0, 0, 0, 0, 0, 0, 0, 0, 0, 0, 0, 0, 0]_[6, 135, 3, 5, 22, 4519, 31, 4845, 11, 845, 7, 3570, 26, 1885, 4843, 12, 3570, 26, 1885, 4842, 34, 58, 4844, 2377, 9, 12, 2, 508, 7, 1306, 408, 2715, 13, 3570, 26, 1885, 4842, 19, 1228, 0, 0, 0, 0, 0, 0, 0, 0, 0, 0, 0, 0]_[135, 0, 0, 0, 0, 0, 0, 0, 0, 0, 0, 0, 0, 0, 0, 0, 0, 0, 0, 0, 0, 0, 0, 0, 0, 0, 0, 0, 0, 0, 0, 0, 0, 0, 0, 0, 0, 0, 0, 0, 0, 0, 0, 0, 0, 0, 0, 0, 0, 0, 0]_[45, 3, 16, 3, 0, 0, 0, 0, 0, 0, 0, 0, 0, 0, 0, 0, 0, 0, 0, 0, 0, 0, 0, 0, 0, 0, 0, 0, 0, 0, 0, 0, 0, 0, 0, 0, 0, 0, 0, 0, 0, 0, 0, 0, 0, 0, 0, 0, 0, 0, 0]_[12, 70, 45, 3, 16, 3, 703, 8, 87, 13, 109, 43, 3, 45, 3, 16, 3, 51, 3888, 109, 43, 1324, 17, 901, 6, 801, 0, 0, 0, 0, 0, 0, 0, 0, 0, 0, 0, 0, 0, 0, 0, 0, 0, 0, 0, 0, 0, 0, 0, 0, 0]_[6, 135, 3, 5, 22, 4519, 31, 4845, 11, 845, 7, 3570, 26, 1885, 4843, 12, 3570, 26, 1885, 4842, 34, 58, 4844, 2377, 9, 12, 2, 508, 7, 1306, 408, 2715, 13, 3570, 26, 1885, 4842, 19, 1228, 0, 0, 0, 0, 0, 0, 0, 0, 0, 0, 0, 0]_[]_[28, 119, 14, 11, 202, 1354, 386]_[301, 28, 119, 14, 11, 301, 54]_[28, 119, 14, 11, 202, 1354, 386]
[922, 0, 0, 0, 0, 0, 0, 0, 0, 0, 0, 0, 0, 0, 0, 0, 0, 0, 0, 0, 0, 0, 0, 0, 0, 0, 0, 0, 0, 0, 0, 0, 0, 0, 0, 0, 0, 0, 0, 0, 0, 0, 0, 0, 0, 0, 0, 0, 0, 0, 0]_[403, 6, 2, 331, 408, 25, 0, 0, 0, 0, 0, 0, 0, 0, 0, 0, 0, 0, 0, 0, 0, 0, 0, 0, 0, 0, 0, 0, 0, 0, 0, 0, 0, 0, 0, 0, 0, 0, 0, 0, 0, 0, 0, 0, 0, 0, 0, 0, 0, 0, 0]_[801, 465, 988, 0, 0, 0, 0, 0, 0, 0, 0, 0, 0, 0, 0, 0, 0, 0, 0, 0, 0, 0, 0, 0, 0, 0, 0, 0, 0, 0, 0, 0, 0, 0, 0, 0, 0, 0, 0, 0, 0, 0, 0, 0, 0, 0, 0, 0, 0, 0, 0]_[6, 135, 3, 5, 22, 4519, 31, 4845, 11, 845, 7, 3570, 26, 1885, 4843, 12, 3570, 26, 1885, 4842, 34, 58, 4844, 2377, 9, 12, 2, 508, 7, 1306, 408, 2715, 13, 3570, 26, 1885, 4842, 19, 1228, 0, 0, 0, 0, 0, 0, 0, 0, 0, 0, 0, 0]_[2226, 0, 0, 0, 0, 0, 0, 0, 0, 0, 0, 0, 0, 0, 0, 0, 0, 0, 0, 0, 0, 0, 0, 0, 0, 0, 0, 0, 0, 0, 0, 0, 0, 0, 0, 0, 0, 0, 0, 0, 0, 0, 0, 0, 0, 0, 0, 0, 0, 0, 0]_[2745, 14, 0, 0, 0, 0, 0, 0, 0, 0, 0, 0, 0, 0, 0, 0, 0, 0, 0, 0, 0, 0, 0, 0, 0, 0, 0, 0, 0, 0, 0, 0, 0, 0, 0, 0, 0, 0, 0, 0, 0, 0, 0, 0, 0, 0, 0, 0, 0, 0, 0]_[6, 2227, 614, 37, 51, 4587, 801, 9, 2237, 132, 6, 2909, 154, 385, 123, 33, 226, 0, 0, 0, 0, 0, 0, 0, 0, 0, 0, 0, 0, 0, 0, 0, 0, 0, 0, 0, 0, 0, 0, 0, 0, 0, 0, 0, 0, 0, 0, 0, 0, 0, 0]_[6, 135, 3, 5, 22, 4519, 31, 4845, 11, 845, 7, 3570, 26, 1885, 4843, 12, 3570, 26, 1885, 4842, 34, 58, 4844, 2377, 9, 12, 2, 508, 7, 1306, 408, 2715, 13, 3570, 26, 1885, 4842, 19, 1228, 0, 0, 0, 0, 0, 0, 0, 0, 0, 0, 0, 0]_[28, 119, 14, 11, 202, 1354, 386, 760, 7, 2, 805, 23, 12, 2, 3603, 1141, 77, 847, 6, 301, 54, 938, 245, 10, 293]_[135]_[2, 109, 43, 2063, 1549, 36, 96, 905, 457, 11, 234, 6, 4608]_[41, 77, 29, 716, 6, 38, 422, 18, 312, 67, 6, 164, 28, 119, 14, 11, 9, 55, 29, 759, 31, 28, 119, 14, 11, 5, 10, 8, 157]
[2417, 0, 0, 0, 0, 0, 0, 0, 0, 0, 0, 0, 0, 0, 0, 0, 0, 0, 0, 0, 0, 0, 0, 0, 0, 0, 0, 0, 0, 0, 0, 0, 0, 0, 0, 0, 0, 0, 0, 0, 0, 0, 0, 0, 0, 0, 0, 0, 0, 0, 0]_[45, 3, 16, 3, 0, 0, 0, 0, 0, 0, 0, 0, 0, 0, 0, 0, 0, 0, 0, 0, 0, 0, 0, 0, 0, 0, 0, 0, 0, 0, 0, 0, 0, 0, 0, 0, 0, 0, 0, 0, 0, 0, 0, 0, 0, 0, 0, 0, 0, 0, 0]_[24, 8, 87, 13, 2, 1185, 40, 43, 7, 488, 18, 2, 508, 7, 1306, 408, 0, 0, 0, 0, 0, 0, 0, 0, 0, 0, 0, 0, 0, 0, 0, 0, 0, 0, 0, 0, 0, 0, 0, 0, 0, 0, 0, 0, 0, 0, 0, 0, 0, 0, 0]_[6, 135, 3, 5, 22, 4519, 31, 4845, 11, 845, 7, 3570, 26, 1885, 4843, 12, 3570, 26, 1885, 4842, 34, 58, 4844, 2377, 9, 12, 2, 508, 7, 1306, 408, 2715, 13, 3570, 26, 1885, 4842, 19, 1228, 0, 0, 0, 0, 0, 0, 0, 0, 0, 0, 0, 0]_[1455, 0, 0, 0, 0, 0, 0, 0, 0, 0, 0, 0, 0, 0, 0, 0, 0, 0, 0, 0, 0, 0, 0, 0, 0, 0, 0, 0, 0, 0, 0, 0, 0, 0, 0, 0, 0, 0, 0, 0, 0, 0, 0, 0, 0, 0, 0, 0, 0, 0, 0]_[45, 3, 16, 3, 0, 0, 0, 0, 0, 0, 0, 0, 0, 0, 0, 0, 0, 0, 0, 0, 0, 0, 0, 0, 0, 0, 0, 0, 0, 0, 0, 0, 0, 0, 0, 0, 0, 0, 0, 0, 0, 0, 0, 0, 0, 0, 0, 0, 0, 0, 0]_[31, 8, 310, 615, 7, 2, 508, 7, 1306, 408, 12, 1146, 8, 2715, 12, 1632, 6, 7696, 4842, 10, 2, 508, 7, 1306, 0, 0, 0, 0, 0, 0, 0, 0, 0, 0, 0, 0, 0, 0, 0, 0, 0, 0, 0, 0, 0, 0, 0, 0, 0, 0, 0]_[6, 135, 3, 5, 22, 4519, 31, 4845, 11, 845, 7, 3570, 26, 1885, 4843, 12, 3570, 26, 1885, 4842, 34, 58, 4844, 2377, 9, 12, 2, 508, 7, 1306, 408, 2715, 13, 3570, 26, 1885, 4842, 19, 1228, 0, 0, 0, 0, 0, 0, 0, 0, 0, 0, 0, 0]_[]_[60, 103, 8, 996, 233, 13, 718, 1356]_[28, 119, 14, 11]_[28, 119, 14, 11, 202, 1354, 386]
[2417, 0, 0, 0, 0, 0, 0, 0, 0, 0, 0, 0, 0, 0, 0, 0, 0, 0, 0, 0, 0, 0, 0, 0, 0, 0, 0, 0, 0, 0, 0, 0, 0, 0, 0, 0, 0, 0, 0, 0, 0, 0, 0, 0, 0, 0, 0, 0, 0, 0, 0]_[45, 3, 16, 3, 0, 0, 0, 0, 0, 0, 0, 0, 0, 0, 0, 0, 0, 0, 0, 0, 0, 0, 0, 0, 0, 0, 0, 0, 0, 0, 0, 0, 0, 0, 0, 0, 0, 0, 0, 0, 0, 0, 0, 0, 0, 0, 0, 0, 0, 0, 0]_[24, 8, 87, 13, 2, 1185, 40, 43, 7, 488, 18, 2, 508, 7, 1306, 408, 0, 0, 0, 0, 0, 0, 0, 0, 0, 0, 0, 0, 0, 0, 0, 0, 0, 0, 0, 0, 0, 0, 0, 0, 0, 0, 0, 0, 0, 0, 0, 0, 0, 0, 0]_[6, 135, 3, 5, 22, 4519, 31, 4845, 11, 845, 7, 3570, 26, 1885, 4843, 12, 3570, 26, 1885, 4842, 34, 58, 4844, 2377, 9, 12, 2, 508, 7, 1306, 408, 2715, 13, 3570, 26, 1885, 4842, 19, 1228, 0, 0, 0, 0, 0, 0, 0, 0, 0, 0, 0, 0]_[481, 0, 0, 0, 0, 0, 0, 0, 0, 0, 0, 0, 0, 0, 0, 0, 0, 0, 0, 0, 0, 0, 0, 0, 0, 0, 0, 0, 0, 0, 0, 0, 0, 0, 0, 0, 0, 0, 0, 0, 0, 0, 0, 0, 0, 0, 0, 0, 0, 0, 0]_[45, 3, 16, 3, 0, 0, 0, 0, 0, 0, 0, 0, 0, 0, 0, 0, 0, 0, 0, 0, 0, 0, 0, 0, 0, 0, 0, 0, 0, 0, 0, 0, 0, 0, 0, 0, 0, 0, 0, 0, 0, 0, 0, 0, 0, 0, 0, 0, 0, 0, 0]_[6, 135, 3, 5, 22, 4519, 31, 4845, 11, 845, 7, 3570, 26, 1885, 4843, 12, 3570, 26, 1885, 4842, 34, 58, 4844, 2377, 9, 12, 2, 508, 7, 1306, 408, 2715, 13, 3570, 26, 1885, 4842, 19, 1228, 0, 0, 0, 0, 0, 0, 0, 0, 0, 0, 0, 0]_[6, 135, 3, 5, 22, 4519, 31, 4845, 11, 845, 7, 3570, 26, 1885, 4843, 12, 3570, 26, 1885, 4842, 34, 58, 4844, 2377, 9, 12, 2, 508, 7, 1306, 408, 2715, 13, 3570, 26, 1885, 4842, 19, 1228, 0, 0, 0, 0, 0, 0, 0, 0, 0, 0, 0, 0]_[41, 77, 29, 716, 6, 38, 422, 18, 312, 67, 6, 164, 28, 119, 14, 11, 9, 55, 29, 759, 31, 28, 119, 14, 11, 5, 10, 8, 157]_[28, 119, 14, 11, 202, 1354, 386]_[28, 119, 14, 11, 202, 1354, 386]_[41, 77, 29, 716, 6, 38, 422, 18, 312, 67, 6, 164, 28, 119, 14, 11, 9, 55, 29, 759, 31, 28, 119, 14, 11, 5, 10, 8, 157]
[264, 0, 0, 0, 0, 0, 0, 0, 0, 0, 0, 0, 0, 0, 0, 0, 0, 0, 0, 0, 0, 0, 0, 0, 0, 0, 0, 0, 0, 0, 0, 0, 0, 0, 0, 0, 0, 0, 0, 0, 0, 0, 0, 0, 0, 0, 0, 0, 0, 0, 0]_[45, 3, 16, 3, 0, 0, 0, 0, 0, 0, 0, 0, 0, 0, 0, 0, 0, 0, 0, 0, 0, 0, 0, 0, 0, 0, 0, 0, 0, 0, 0, 0, 0, 0, 0, 0, 0, 0, 0, 0, 0, 0, 0, 0, 0, 0, 0, 0, 0, 0, 0]_[12, 5, 78, 621, 6, 44, 146, 3047, 801, 465, 988, 9, 1884, 7681, 465, 2381, 24, 3514, 49, 319, 922, 0, 0, 0, 0, 0, 0, 0, 0, 0, 0, 0, 0, 0, 0, 0, 0, 0, 0, 0, 0, 0, 0, 0, 0, 0, 0, 0, 0, 0, 0]_[6, 135, 3, 5, 22, 4519, 31, 4845, 11, 845, 7, 3570, 26, 1885, 4843, 12, 3570, 26, 1885, 4842, 34, 58, 4844, 2377, 9, 12, 2, 508, 7, 1306, 408, 2715, 13, 3570, 26, 1885, 4842, 19, 1228, 0, 0, 0, 0, 0, 0, 0, 0, 0, 0, 0, 0]_[922, 0, 0, 0, 0, 0, 0, 0, 0, 0, 0, 0, 0, 0, 0, 0, 0, 0, 0, 0, 0, 0, 0, 0, 0, 0, 0, 0, 0, 0, 0, 0, 0, 0, 0, 0, 0, 0, 0, 0, 0, 0, 0, 0, 0, 0, 0, 0, 0, 0, 0]_[403, 6, 2, 331, 408, 25, 0, 0, 0, 0, 0, 0, 0, 0, 0, 0, 0, 0, 0, 0, 0, 0, 0, 0, 0, 0, 0, 0, 0, 0, 0, 0, 0, 0, 0, 0, 0, 0, 0, 0, 0, 0, 0, 0, 0, 0, 0, 0, 0, 0, 0]_[801, 465, 988, 0, 0, 0, 0, 0, 0, 0, 0, 0, 0, 0, 0, 0, 0, 0, 0, 0, 0, 0, 0, 0, 0, 0, 0, 0, 0, 0, 0, 0, 0, 0, 0, 0, 0, 0, 0, 0, 0, 0, 0, 0, 0, 0, 0, 0, 0, 0, 0]_[6, 135, 3, 5, 22, 4519, 31, 4845, 11, 845, 7, 3570, 26, 1885, 4843, 12, 3570, 26, 1885, 4842, 34, 58, 4844, 2377, 9, 12, 2, 508, 7, 1306, 408, 2715, 13, 3570, 26, 1885, 4842, 19, 1228, 0, 0, 0, 0, 0, 0, 0, 0, 0, 0, 0, 0]_[302]_[28, 119, 14, 11, 202, 1354, 386]_[28, 119, 14, 11, 202, 1354, 386, 11, 719, 3, 29, 719]_[20]
[33, 0, 0, 0, 0, 0, 0, 0, 0, 0, 0, 0, 0, 0, 0, 0, 0, 0, 0, 0, 0, 0, 0, 0, 0, 0, 0, 0, 0, 0, 0, 0, 0, 0, 0, 0, 0, 0, 0, 0, 0, 0, 0, 0, 0, 0, 0, 0, 0, 0, 0]_[6, 135, 3, 5, 22, 4519, 31, 4845, 11, 845, 7, 3570, 26, 1885, 4843, 12, 3570, 26, 1885, 4842, 34, 58, 4844, 2377, 9, 12, 2, 508, 7, 1306, 408, 2715, 13, 3570, 26, 1885, 4842, 19, 1228, 0, 0, 0, 0, 0, 0, 0, 0, 0, 0, 0, 0]_[12, 0, 0, 0, 0, 0, 0, 0, 0, 0, 0, 0, 0, 0, 0, 0, 0, 0, 0, 0, 0, 0, 0, 0, 0, 0, 0, 0, 0, 0, 0, 0, 0, 0, 0, 0, 0, 0, 0, 0, 0, 0, 0, 0, 0, 0, 0, 0, 0, 0, 0]_[4708, 1324, 7, 109, 43, 0, 0, 0, 0, 0, 0, 0, 0, 0, 0, 0, 0, 0, 0, 0, 0, 0, 0, 0, 0, 0, 0, 0, 0, 0, 0, 0, 0, 0, 0, 0, 0, 0, 0, 0, 0, 0, 0, 0, 0, 0, 0, 0, 0, 0, 0]_[1016, 0, 0, 0, 0, 0, 0, 0, 0, 0, 0, 0, 0, 0, 0, 0, 0, 0, 0, 0, 0, 0, 0, 0, 0, 0, 0, 0, 0, 0, 0, 0, 0, 0, 0, 0, 0, 0, 0, 0, 0, 0, 0, 0, 0, 0, 0, 0, 0, 0, 0]_[36, 109, 43, 0, 0, 0, 0, 0, 0, 0, 0, 0, 0, 0, 0, 0, 0, 0, 0, 0, 0, 0, 0, 0, 0, 0, 0, 0, 0, 0, 0, 0, 0, 0, 0, 0, 0, 0, 0, 0, 0, 0, 0, 0, 0, 0, 0, 0, 0, 0, 0]_[12, 0, 0, 0, 0, 0, 0, 0, 0, 0, 0, 0, 0, 0, 0, 0, 0, 0, 0, 0, 0, 0, 0, 0, 0, 0, 0, 0, 0, 0, 0, 0, 0, 0, 0, 0, 0, 0, 0, 0, 0, 0, 0, 0, 0, 0, 0, 0, 0, 0, 0]_[6, 135, 3, 5, 22, 4519, 31, 4845, 11, 845, 7, 3570, 26, 1885, 4843, 12, 3570, 26, 1885, 4842, 34, 58, 4844, 2377, 9, 12, 2, 508, 7, 1306, 408, 2715, 13, 3570, 26, 1885, 4842, 19, 1228, 0, 0, 0, 0, 0, 0, 0, 0, 0, 0, 0, 0]_[20]_[28, 119, 14, 11]_[28, 119, 14, 11, 202, 1354, 386]_[28, 119, 14, 11, 202, 1354, 386]
[257, 0, 0, 0, 0, 0, 0, 0, 0, 0, 0, 0, 0, 0, 0, 0, 0, 0, 0, 0, 0, 0, 0, 0, 0, 0, 0, 0, 0, 0, 0, 0, 0, 0, 0, 0, 0, 0, 0, 0, 0, 0, 0, 0, 0, 0, 0, 0, 0, 0, 0]_[45, 3, 16, 3, 0, 0, 0, 0, 0, 0, 0, 0, 0, 0, 0, 0, 0, 0, 0, 0, 0, 0, 0, 0, 0, 0, 0, 0, 0, 0, 0, 0, 0, 0, 0, 0, 0, 0, 0, 0, 0, 0, 0, 0, 0, 0, 0, 0, 0, 0, 0]_[12, 109, 43, 30, 5, 462, 12, 2, 111, 116, 873, 160, 546, 118, 247, 24, 2, 111, 181, 29, 1841, 38, 7680, 825, 13, 8, 878, 700, 38, 385, 0, 0, 0, 0, 0, 0, 0, 0, 0, 0, 0, 0, 0, 0, 0, 0, 0, 0, 0, 0, 0]_[6, 135, 3, 5, 22, 4519, 31, 4845, 11, 845, 7, 3570, 26, 1885, 4843, 12, 3570, 26, 1885, 4842, 34, 58, 4844, 2377, 9, 12, 2, 508, 7, 1306, 408, 2715, 13, 3570, 26, 1885, 4842, 19, 1228, 0, 0, 0, 0, 0, 0, 0, 0, 0, 0, 0, 0]_[257, 0, 0, 0, 0, 0, 0, 0, 0, 0, 0, 0, 0, 0, 0, 0, 0, 0, 0, 0, 0, 0, 0, 0, 0, 0, 0, 0, 0, 0, 0, 0, 0, 0, 0, 0, 0, 0, 0, 0, 0, 0, 0, 0, 0, 0, 0, 0, 0, 0, 0]_[45, 3, 16, 3, 0, 0, 0, 0, 0, 0, 0, 0, 0, 0, 0, 0, 0, 0, 0, 0, 0, 0, 0, 0, 0, 0, 0, 0, 0, 0, 0, 0, 0, 0, 0, 0, 0, 0, 0, 0, 0, 0, 0, 0, 0, 0, 0, 0, 0, 0, 0]_[109, 43, 30, 462, 12, 5, 2, 111, 30, 3448, 546, 10, 3449, 3450, 655, 3, 1029, 2, 774, 546, 7, 8, 1505, 3, 9, 3451, 31, 2378, 385, 0, 0, 0, 0, 0, 0, 0, 0, 0, 0, 0, 0, 0, 0, 0, 0, 0, 0, 0, 0, 0, 0]_[6, 135, 3, 5, 22, 4519, 31, 4845, 11, 845, 7, 3570, 26, 1885, 4843, 12, 3570, 26, 1885, 4842, 34, 58, 4844, 2377, 9, 12, 2, 508, 7, 1306, 408, 2715, 13, 3570, 26, 1885, 4842, 19, 1228, 0, 0, 0, 0, 0, 0, 0, 0, 0, 0, 0, 0]_[28, 119, 14, 11, 202, 1354, 386, 112, 41, 211, 1647, 18, 2, 301, 54, 146, 3, 5, 28, 119, 14, 11, 202, 1354, 386, 20, 13, 98, 11, 5, 2078, 409, 93, 4]_[312, 67, 1143, 1144, 66, 28, 119, 14, 11, 619, 19, 170, 6, 33]_[28, 119, 14, 11, 202, 1354, 386]_[28, 119, 14, 11, 202, 1354, 386, 112, 41, 211, 1647, 18, 2, 301, 54, 146, 3, 5, 28, 119, 14, 11, 202, 1354, 386, 20, 13, 98, 11, 5, 2078, 409, 93, 4]
[257, 0, 0, 0, 0, 0, 0, 0, 0, 0, 0, 0, 0, 0, 0, 0, 0, 0, 0, 0, 0, 0, 0, 0, 0, 0, 0, 0, 0, 0, 0, 0, 0, 0, 0, 0, 0, 0, 0, 0, 0, 0, 0, 0, 0, 0, 0, 0, 0, 0, 0]_[45, 3, 16, 3, 0, 0, 0, 0, 0, 0, 0, 0, 0, 0, 0, 0, 0, 0, 0, 0, 0, 0, 0, 0, 0, 0, 0, 0, 0, 0, 0, 0, 0, 0, 0, 0, 0, 0, 0, 0, 0, 0, 0, 0, 0, 0, 0, 0, 0, 0, 0]_[12, 109, 43, 30, 5, 462, 12, 2, 111, 116, 873, 160, 546, 118, 247, 24, 2, 111, 181, 29, 1841, 38, 7680, 825, 13, 8, 878, 700, 38, 385, 0, 0, 0, 0, 0, 0, 0, 0, 0, 0, 0, 0, 0, 0, 0, 0, 0, 0, 0, 0, 0]_[6, 135, 3, 5, 22, 4519, 31, 4845, 11, 845, 7, 3570, 26, 1885, 4843, 12, 3570, 26, 1885, 4842, 34, 58, 4844, 2377, 9, 12, 2, 508, 7, 1306, 408, 2715, 13, 3570, 26, 1885, 4842, 19, 1228, 0, 0, 0, 0, 0, 0, 0, 0, 0, 0, 0, 0]_[257, 0, 0, 0, 0, 0, 0, 0, 0, 0, 0, 0, 0, 0, 0, 0, 0, 0, 0, 0, 0, 0, 0, 0, 0, 0, 0, 0, 0, 0, 0, 0, 0, 0, 0, 0, 0, 0, 0, 0, 0, 0, 0, 0, 0, 0, 0, 0, 0, 0, 0]_[45, 3, 16, 3, 0, 0, 0, 0, 0, 0, 0, 0, 0, 0, 0, 0, 0, 0, 0, 0, 0, 0, 0, 0, 0, 0, 0, 0, 0, 0, 0, 0, 0, 0, 0, 0, 0, 0, 0, 0, 0, 0, 0, 0, 0, 0, 0, 0, 0, 0, 0]_[21, 109, 43, 109, 43, 1324, 5, 1044, 2, 111, 2, 111, 30, 8, 2529, 653, 10, 2378, 494, 6, 4586, 18, 2, 2, 798, 1278, 62, 0, 0, 0, 0, 0, 0, 0, 0, 0, 0, 0, 0, 0, 0, 0, 0, 0, 0, 0, 0, 0, 0, 0, 0]_[6, 135, 3, 5, 22, 4519, 31, 4845, 11, 845, 7, 3570, 26, 1885, 4843, 12, 3570, 26, 1885, 4842, 34, 58, 4844, 2377, 9, 12, 2, 508, 7, 1306, 408, 2715, 13, 3570, 26, 1885, 4842, 19, 1228, 0, 0, 0, 0, 0, 0, 0, 0, 0, 0, 0, 0]_[28, 119, 14, 11, 202, 1354, 386]_[20]_[4965]_[28, 119, 14, 11, 202, 1354, 386]
[257, 0, 0, 0, 0, 0, 0, 0, 0, 0, 0, 0, 0, 0, 0, 0, 0, 0, 0, 0, 0, 0, 0, 0, 0, 0, 0, 0, 0, 0, 0, 0, 0, 0, 0, 0, 0, 0, 0, 0, 0, 0, 0, 0, 0, 0, 0, 0, 0, 0, 0]_[45, 3, 16, 3, 0, 0, 0, 0, 0, 0, 0, 0, 0, 0, 0, 0, 0, 0, 0, 0, 0, 0, 0, 0, 0, 0, 0, 0, 0, 0, 0, 0, 0, 0, 0, 0, 0, 0, 0, 0, 0, 0, 0, 0, 0, 0, 0, 0, 0, 0, 0]_[12, 5, 2, 1350, 1617, 825, 2, 798, 1278, 62, 1667, 7, 2229, 149, 2, 1350, 1963, 2, 1278, 6, 199, 38, 534, 2874, 6, 2, 1278, 7684, 798, 1925, 0, 0, 0, 0, 0, 0, 0, 0, 0, 0, 0, 0, 0, 0, 0, 0, 0, 0, 0, 0, 0]_[6, 135, 3, 5, 22, 4519, 31, 4845, 11, 845, 7, 3570, 26, 1885, 4843, 12, 3570, 26, 1885, 4842, 34, 58, 4844, 2377, 9, 12, 2, 508, 7, 1306, 408, 2715, 13, 3570, 26, 1885, 4842, 19, 1228, 0, 0, 0, 0, 0, 0, 0, 0, 0, 0, 0, 0]_[257, 0, 0, 0, 0, 0, 0, 0, 0, 0, 0, 0, 0, 0, 0, 0, 0, 0, 0, 0, 0, 0, 0, 0, 0, 0, 0, 0, 0, 0, 0, 0, 0, 0, 0, 0, 0, 0, 0, 0, 0, 0, 0, 0, 0, 0, 0, 0, 0, 0, 0]_[45, 3, 16, 3, 0, 0, 0, 0, 0, 0, 0, 0, 0, 0, 0, 0, 0, 0, 0, 0, 0, 0, 0, 0, 0, 0, 0, 0, 0, 0, 0, 0, 0, 0, 0, 0, 0, 0, 0, 0, 0, 0, 0, 0, 0, 0, 0, 0, 0, 0, 0]_[21, 109, 43, 109, 43, 1324, 5, 1044, 2, 111, 2, 111, 30, 8, 2529, 653, 10, 2378, 494, 6, 4586, 18, 2, 2, 798, 1278, 62, 0, 0, 0, 0, 0, 0, 0, 0, 0, 0, 0, 0, 0, 0, 0, 0, 0, 0, 0, 0, 0, 0, 0, 0]_[6, 135, 3, 5, 22, 4519, 31, 4845, 11, 845, 7, 3570, 26, 1885, 4843, 12, 3570, 26, 1885, 4842, 34, 58, 4844, 2377, 9, 12, 2, 508, 7, 1306, 408, 2715, 13, 3570, 26, 1885, 4842, 19, 1228, 0, 0, 0, 0, 0, 0, 0, 0, 0, 0, 0, 0]_[28, 119, 14, 11, 202, 1354, 386]_[28, 119, 14, 11, 202, 1354, 386]_[2417]_[41, 77, 29, 716, 6, 38, 422, 18, 312, 67, 6, 164, 28, 119, 14, 11, 9, 55, 29, 759, 31, 28, 119, 14, 11, 5, 10, 8, 157]
